step,epoch,loss,grad_norm,learning_rate,entropy,mean_token_accuracy,timestamp
2885,1.318062378613047,2.2431028366088865,0.831149160861969,1.487444767646825e-05,2.238540183752775,0.5533790197223425,2026-08-09T02:29:28
2890,1.3203473094938878,2.3453323364257814,0.6517723202705383,1.4845085873888837e-05,2.270215404033661,0.5456417091190815,2026-08-09T02:30:51
2895,1.3226322403747286,2.4467584609985353,0.7600643634796143,1.481571065403615e-05,2.329518435895443,0.5443888433277607,2026-08-09T02:31:58
2900,1.3249171712555694,2.2290616989135743,0.5779743194580078,1.4786322184978824e-05,2.190972203016281,0.5668928738683462,2026-08-09T02:33:21
2905,1.3272021021364104,2.3188249588012697,0.7788576483726501,1.4756920634861276e-05,2.2431363612413406,0.5418831132352352,2026-08-09T02:34:37
2910,1.3294870330172512,2.235551452636719,0.7009323835372925,1.4727506171902786e-05,2.2538872390985487,0.5491684101521969,2026-08-09T02:35:53
2915,1.331771963898092,2.359296989440918,0.6082209944725037,1.4698078964396495e-05,2.361341008543968,0.5310097239911556,2026-08-09T02:37:18
2920,1.3340568947789329,2.32540283203125,0.7498407959938049,1.4668639180708474e-05,2.2351299241185187,0.5664436228573322,2026-08-09T02:38:42
2925,1.3363418256597739,2.2081523895263673,0.8042111396789551,1.463918698927674e-05,2.217621862888336,0.556448619067669,2026-08-09T02:39:59
2930,1.3386267565406147,2.1562837600708007,0.671785295009613,1.4609722558610302e-05,2.2332986384630202,0.5590512976050377,2026-08-09T02:41:32
2935,1.3409116874214555,2.4538190841674803,0.7457030415534973,1.4580246057288205e-05,2.4575285375118257,0.513335981965065,2026-08-09T02:42:47
2940,1.3431966183022963,2.2675533294677734,0.6480132341384888,1.4550757653958542e-05,2.259329928457737,0.5424977518618107,2026-08-09T02:44:03
2945,1.3454815491831371,2.4143259048461916,0.6168472170829773,1.4521257517337506e-05,2.3818157106637954,0.5235422886908054,2026-08-09T02:45:34
2950,1.3477664800639781,2.314415168762207,0.7195902466773987,1.449174581620843e-05,2.242415815591812,0.544173439219594,2026-08-09T02:46:44
2955,1.350051410944819,2.313001823425293,0.8038305640220642,1.44622227194208e-05,2.2811311334371567,0.5454507172107697,2026-08-09T02:48:02
2960,1.3523363418256598,2.320475387573242,0.7889861464500427,1.443268839588931e-05,2.28652309179306,0.5411626972258091,2026-08-09T02:49:18
2965,1.3546212727065006,2.149342727661133,0.6559527516365051,1.4403143014592886e-05,2.1872581407427787,0.5663847275078296,2026-08-09T02:50:42
2970,1.3569062035873416,2.240936851501465,0.6878052353858948,1.4373586744573717e-05,2.2055301308631896,0.5649910818785429,2026-08-09T02:52:01
2975,1.3591911344681824,2.0843132019042967,0.7636895179748535,1.4344019754936292e-05,2.1198786735534667,0.5685866288840771,2026-08-09T02:53:18
2980,1.3614760653490232,2.435091018676758,0.7093272805213928,1.4314442214846437e-05,2.4491913989186287,0.5240483902394771,2026-08-09T02:54:44
2985,1.363760996229864,2.092786979675293,0.8401530981063843,1.4284854293530339e-05,2.018192656338215,0.5874055698513985,2026-08-09T02:55:54
2990,1.3660459271107048,2.2817052841186523,0.7258307933807373,1.4255256160273572e-05,2.3083777129650116,0.5524254649877548,2026-08-09T02:57:21
2995,1.3683308579915456,2.436713981628418,0.6580304503440857,1.4225647984420151e-05,2.355576550960541,0.5286492571234703,2026-08-09T02:58:46
3000,1.3706157888723867,2.3215377807617186,0.688421368598938,1.4196029935371542e-05,2.2939043670892714,0.5335420325398446,2026-08-09T02:59:59
3005,1.3729007197532275,2.1650182723999025,0.8129742741584778,1.4166402182585698e-05,2.220263350009918,0.5504406556487084,2026-08-09T03:01:24
3010,1.3751856506340683,2.2980392456054686,0.7505693435668945,1.4136764895576097e-05,2.2758319288492204,0.5576379701495171,2026-08-09T03:02:46
3015,1.3774705815149093,2.4379140853881838,0.6983307003974915,1.4107118243910757e-05,2.387289595603943,0.5188627906143666,2026-08-09T03:04:09
3020,1.3797555123957501,2.399917793273926,0.8378829956054688,1.4077462397211286e-05,2.3443361833691596,0.5356901593506336,2026-08-09T03:05:28
3025,1.382040443276591,2.326548957824707,0.8294733762741089,1.40477975251519e-05,2.336478477716446,0.5289275176823139,2026-08-09T03:06:50
3030,1.3843253741574317,2.3291711807250977,0.72767174243927,1.4018123797458447e-05,2.40774829685688,0.5220974206924438,2026-08-09T03:08:13
3035,1.3866103050382725,2.076715660095215,0.8938547372817993,1.3988441383907445e-05,2.1685901790857316,0.5587620824575424,2026-08-09T03:09:20
3040,1.3888952359191133,2.3897241592407226,0.7883033752441406,1.3958750454325104e-05,2.3935136288404464,0.5221943065524102,2026-08-09T03:10:34
3045,1.3911801667999544,2.3790855407714844,0.8611921668052673,1.3929051178586361e-05,2.330647146701813,0.535460364818573,2026-08-09T03:11:48
3050,1.3934650976807952,2.197406005859375,0.7860105037689209,1.3899343726613912e-05,2.2279601007699967,0.551814840734005,2026-08-09T03:13:10
3055,1.395750028561636,2.1444326400756837,0.761233389377594,1.386962826837722e-05,2.1374325066804887,0.5703836657106877,2026-08-09T03:14:19
3060,1.3980349594424768,2.2734928131103516,0.7481361031532288,1.3839904973891563e-05,2.2925306975841524,0.5367655232548714,2026-08-09T03:15:45
3065,1.4003198903233178,2.222479248046875,0.7057445049285889,1.3810174013217056e-05,2.257469028234482,0.5520046211779117,2026-08-09T03:16:58
3070,1.4026048212041586,2.04927921295166,0.7199028134346008,1.3780435556457666e-05,2.1106070592999457,0.5774379789829254,2026-08-09T03:18:17
3075,1.4048897520849994,2.3692859649658202,0.7064706087112427,1.3750689773760259e-05,2.370841294527054,0.5315976746380329,2026-08-09T03:19:43
3080,1.4071746829658403,2.176143455505371,0.7742059230804443,1.3720936835313607e-05,2.160384976863861,0.5455714873969555,2026-08-09T03:20:56
3085,1.409459613846681,2.4798824310302736,0.7927413582801819,1.3691176911347434e-05,2.3915177464485167,0.5269841961562634,2026-08-09T03:22:16
3090,1.4117445447275219,2.35587158203125,0.8408751487731934,1.366141017213142e-05,2.406027789413929,0.520130555331707,2026-08-09T03:23:40
3095,1.414029475608363,2.374794578552246,0.909268319606781,1.3631636787974241e-05,2.3477305352687834,0.5399856969714165,2026-08-09T03:24:57
3100,1.4163144064892037,2.2980600357055665,0.710731565952301,1.3601856929222594e-05,2.316837114095688,0.5406236730515956,2026-08-09T03:26:20
3105,1.4185993373700445,2.209943962097168,0.8905775547027588,1.357207076626022e-05,2.2012188717722894,0.5556693285703659,2026-08-09T03:27:23
3110,1.4208842682508855,2.3332403182983397,0.7802078127861023,1.3542278469506933e-05,2.3203641027212143,0.5427406076341867,2026-08-09T03:28:40
3115,1.4231691991317263,2.3544233322143553,1.0527883768081665,1.3512480209417632e-05,2.2979741901159287,0.5466043174266815,2026-08-09T03:29:57
3120,1.4254541300125672,2.1384794235229494,0.7924030423164368,1.3482676156481341e-05,2.1688277915120127,0.5635820411145687,2026-08-09T03:31:12
3125,1.427739060893408,2.1687854766845702,0.8774855136871338,1.3452866481220222e-05,2.2297493368387222,0.5412224881350994,2026-08-09T03:32:28
3130,1.4300239917742488,2.282510757446289,1.056443452835083,1.3423051354188617e-05,2.2324808180332183,0.5610898993909359,2026-08-09T03:33:44
3135,1.4323089226550896,2.03695125579834,0.7605711817741394,1.3393230945972046e-05,2.1470831483602524,0.5692102339118719,2026-08-09T03:35:02
3140,1.4345938535359306,2.272358512878418,0.7701951265335083,1.3363405427186254e-05,2.368200218677521,0.5380251552909613,2026-08-09T03:36:37
3145,1.4368787844167714,2.367767333984375,0.8284395337104797,1.3333574968476214e-05,2.3990815430879593,0.5234483666718006,2026-08-09T03:37:56
3150,1.4391637152976122,2.3482120513916014,0.8065003156661987,1.3303739740515184e-05,2.288520246744156,0.5385340802371502,2026-08-09T03:39:11
3155,1.441448646178453,2.1068397521972657,0.7841272950172424,1.3273899914003688e-05,2.140815632045269,0.5877155534923076,2026-08-09T03:40:40
3160,1.443733577059294,2.273271179199219,0.8479226231575012,1.324405565966857e-05,2.309997281432152,0.5328408055007458,2026-08-09T03:42:00
3165,1.4460185079401349,2.414300727844238,0.8814460039138794,1.3214207148262008e-05,2.349772867560387,0.5294466502964497,2026-08-09T03:43:13
3170,1.4483034388209757,2.3294219970703125,0.8610747456550598,1.3184354550560533e-05,2.3163388654589654,0.5500253390520811,2026-08-09T03:44:43
3175,1.4505883697018165,2.440464210510254,0.9018003344535828,1.3154498037364057e-05,2.447851139307022,0.5187285602092743,2026-08-09T03:46:12
3180,1.4528733005826573,2.3419519424438477,0.9265891909599304,1.3124637779494891e-05,2.2670504197478296,0.5485059462487698,2026-08-09T03:47:27
3185,1.455158231463498,2.1717321395874025,0.7646641135215759,1.3094773947796781e-05,2.131000444293022,0.5710214577615261,2026-08-09T03:48:30
3190,1.4574431623443391,2.3953914642333984,0.8981895446777344,1.3064906713133907e-05,2.3109877839684487,0.5517149664461612,2026-08-09T03:49:49
3195,1.45972809322518,2.3098323822021483,0.7215226888656616,1.3035036246389931e-05,2.328530693054199,0.5369213223457336,2026-08-09T03:51:12
3200,1.4620130241060207,2.3419219970703127,0.830137312412262,1.3005162718467002e-05,2.3822674497962,0.5260733023285866,2026-08-09T03:52:36
3205,1.4642979549868618,2.50640926361084,0.9207047820091248,1.297528630028478e-05,2.3509558171033857,0.5378571189939976,2026-08-09T03:53:48
3210,1.4665828858677026,2.3558067321777343,0.968061625957489,1.2945407162779464e-05,2.3458512842655184,0.5381004914641381,2026-08-09T03:55:06
3215,1.4688678167485434,2.238722229003906,0.8895852565765381,1.2915525476902814e-05,2.341186675429344,0.5505754478275776,2026-08-09T03:56:30
3220,1.4711527476293842,2.4222206115722655,0.9374644160270691,1.2885641413621168e-05,2.3862623274326324,0.5264619246125222,2026-08-09T03:57:54
3225,1.473437678510225,2.299827003479004,0.7814233303070068,1.2855755143914469e-05,2.2595474511384963,0.5422170273959637,2026-08-09T03:59:04
3230,1.4757226093910658,2.0881614685058594,1.020513653755188,1.2825866838775275e-05,2.165217787027359,0.5697648987174034,2026-08-09T04:00:16
3235,1.4780075402719068,2.1805381774902344,0.834297239780426,1.2795976669207799e-05,2.271442347764969,0.551856455206871,2026-08-09T04:01:37
3240,1.4802924711527476,2.0894107818603516,0.7913075089454651,1.2766084806226924e-05,2.1357588291168215,0.5726517103612423,2026-08-09T04:02:56
3245,1.4825774020335885,2.1596916198730467,0.7718398571014404,1.273619142085721e-05,2.216446280479431,0.5492376290261746,2026-08-09T04:04:09
3250,1.4848623329144293,2.315962219238281,0.8009164333343506,1.2706296684131935e-05,2.22231764793396,0.5620706593617797,2026-08-09T04:05:24
3255,1.4871472637952703,2.341139793395996,0.9182152152061462,1.2676400767092108e-05,2.239766094088554,0.5418130166828632,2026-08-09T04:06:34
3260,1.489432194676111,2.214385223388672,0.8882420659065247,1.2646503840785486e-05,2.2432034403085708,0.5417098458856344,2026-08-09T04:07:48
3265,1.491717125556952,2.1037342071533205,0.7747642397880554,1.261660607626561e-05,2.227547200024128,0.5520281732082367,2026-08-09T04:09:12
3270,1.4940020564377927,2.2184911727905274,0.8100919723510742,1.2586707644590811e-05,2.2489856392145158,0.5509004019200802,2026-08-09T04:10:17
3275,1.4962869873186335,2.1813947677612306,0.8274804353713989,1.2556808716823231e-05,2.1977735832333565,0.5562136583030224,2026-08-09T04:11:30
3280,1.4985719181994743,2.104646110534668,0.7934975028038025,1.2526909464027864e-05,2.151715134084225,0.5735177464783192,2026-08-09T04:12:37
3285,1.5008568490803154,2.3665578842163084,0.7527720332145691,1.2497010057271553e-05,2.41341969370842,0.5256193406879902,2026-08-09T04:14:10
3290,1.5031417799611562,2.140934181213379,0.847227931022644,1.246711066762203e-05,2.1944540962576866,0.5585911318659782,2026-08-09T04:15:30
3295,1.5054267108419972,1.9968910217285156,0.7693952918052673,1.243721146614692e-05,2.173038440942764,0.5688510507345199,2026-08-09T04:16:52
3300,1.507711641722838,2.2714206695556642,0.7621789574623108,1.2407312623912775e-05,2.272504371404648,0.5573097974061966,2026-08-09T04:18:03
3305,1.5099965726036788,2.111467170715332,0.9429363012313843,1.2377414311984096e-05,2.192836594581604,0.5589186750352383,2026-08-09T04:19:20
3310,1.5122815034845196,2.2126514434814455,0.9883021116256714,1.2347516701422344e-05,2.2560075342655184,0.5448183342814445,2026-08-09T04:20:25
3315,1.5145664343653604,2.189344596862793,1.0347096920013428,1.2317619963284969e-05,2.200288859009743,0.5579649746418,2026-08-09T04:21:40
3320,1.5168513652462012,2.4142452239990235,0.9110568165779114,1.2287724268624434e-05,2.352979928255081,0.5390019100159407,2026-08-09T04:22:57
3325,1.519136296127042,2.2205535888671877,1.3598976135253906,1.2257829788487223e-05,2.2039241790771484,0.5624901175498962,2026-08-09T04:24:03
3330,1.5214212270078828,2.052282524108887,0.7777714729309082,1.2227936693912876e-05,2.0795108139514924,0.575107629224658,2026-08-09T04:25:15
3335,1.5237061578887239,2.3404741287231445,0.7987428903579712,1.2198045155933011e-05,2.2739723920822144,0.5419964395463467,2026-08-09T04:26:36
3340,1.5259910887695647,2.1989395141601564,0.859645664691925,1.2168155345570332e-05,2.2482477903366087,0.5554712556302548,2026-08-09T04:28:04
3345,1.5282760196504057,2.364211654663086,0.8684118986129761,1.213826743383766e-05,2.358930695056915,0.5242895387113095,2026-08-09T04:29:16
3350,1.5305609505312465,2.4828996658325195,0.8672195076942444,1.2108381591736957e-05,2.49524452239275,0.5225645752623678,2026-08-09T04:30:35
3355,1.5328458814120873,2.2877084732055666,0.9657502770423889,1.2078497990258334e-05,2.249650979042053,0.551093815267086,2026-08-09T04:31:49
3360,1.5351308122929281,2.2274921417236326,1.1626123189926147,1.2048616800379096e-05,2.2433674722909926,0.5341584533452988,2026-08-09T04:32:49
3360,1.5351308122929281,,,,,,2026-08-09T04:52:19
3360,1.5351308122929281,,,,,,2026-08-09T04:52:19
3365,1.537415743173769,2.2105453491210936,1.1128616333007812,1.2018738193062742e-05,2.230513337254524,0.5536468774080276,2026-08-09T04:53:28
3370,1.5397006740546098,2.251055908203125,1.0258842706680298,1.1988862339257999e-05,2.2388623759150503,0.5581050418317318,2026-08-09T04:54:48
3375,1.5419856049354506,2.4183279037475587,1.019430160522461,1.1958989409897834e-05,2.4101515278220176,0.5229424864053727,2026-08-09T04:55:59
3380,1.5442705358162916,2.3022504806518556,0.7804007530212402,1.1929119575898485e-05,2.244344898313284,0.562451334670186,2026-08-09T04:57:21
3385,1.5465554666971324,2.542937660217285,1.0615745782852173,1.1899253008158477e-05,2.4621352523565294,0.5178965965285898,2026-08-09T04:58:45
3390,1.5488403975779734,2.1599967956542967,1.1813361644744873,1.1869389877557662e-05,2.199413998425007,0.5587823547422885,2026-08-09T04:59:59
3395,1.5511253284588142,2.1407699584960938,0.8038875460624695,1.1839530354956208e-05,2.1868380904197693,0.5756075218319893,2026-08-09T05:01:22
3400,1.553410259339655,2.290066719055176,0.755865216255188,1.1809674611193649e-05,2.2343384087085725,0.5612170808017254,2026-08-09T05:02:43
3405,1.5556951902204958,2.478588676452637,0.8576056361198425,1.1779822817087895e-05,2.4098727494478225,0.5290909864008426,2026-08-09T05:03:56
3410,1.5579801211013367,2.292630195617676,1.011244773864746,1.1749975143434265e-05,2.385071727633476,0.5309807572513818,2026-08-09T05:05:18
3415,1.5602650519821775,2.2037853240966796,1.1217647790908813,1.1720131761004495e-05,2.257423388957977,0.5361731879413127,2026-08-09T05:06:36
3420,1.5625499828630183,2.2229820251464845,0.7884644269943237,1.1690292840545775e-05,2.2886561453342438,0.5298979319632053,2026-08-09T05:07:45
3425,1.5648349137438593,2.309286880493164,0.7427706122398376,1.1660458552779759e-05,2.3005271524190904,0.5448915999382734,2026-08-09T05:09:09
3430,1.5671198446247,2.2259698867797852,0.7619430422782898,1.1630629068401603e-05,2.2445838689804076,0.5616877548396587,2026-08-09T05:10:38
3435,1.569404775505541,2.586313247680664,1.024298071861267,1.1600804558078974e-05,2.392431432008743,0.5412049997597933,2026-08-09T05:11:57
3440,1.571689706386382,2.0524927139282227,0.7447311878204346,1.1570985192451089e-05,2.2690149188041686,0.5614846326410771,2026-08-09T05:13:18
3445,1.5739746372672228,2.3750734329223633,0.9620090126991272,1.1541171142127722e-05,2.3194159239530565,0.5350684702396393,2026-08-09T05:14:33
3450,1.5762595681480636,2.345059394836426,0.9066518545150757,1.1511362577688238e-05,2.3418950587511063,0.5427448876202107,2026-08-09T05:15:52
3455,1.5785444990289044,2.233098793029785,0.7830782532691956,1.1481559669680618e-05,2.2649328887462614,0.5540561772882938,2026-08-09T05:17:23
3460,1.5808294299097452,2.1591585159301756,1.0502375364303589,1.1451762588620477e-05,2.2014444038271903,0.5544495664536953,2026-08-09T05:18:38
3465,1.583114360790586,2.403006744384766,1.0271283388137817,1.1421971504990088e-05,2.3841240793466567,0.5340335123240948,2026-08-09T05:19:49
3470,1.5853992916714268,2.176693916320801,1.3430602550506592,1.1392186589237417e-05,2.178142303228378,0.5764683023095131,2026-08-09T05:21:03
3475,1.5876842225522678,2.1773378372192385,0.8604696989059448,1.1362408011775139e-05,2.1230565294623376,0.5854446791112423,2026-08-09T05:22:20
3480,1.5899691534331086,2.1241025924682617,0.9252787232398987,1.1332635942979657e-05,2.164440493285656,0.5640701413154602,2026-08-09T05:23:37
3485,1.5922540843139497,2.2774307250976564,0.8686306476593018,1.130287055319015e-05,2.2497830629348754,0.5475334763526917,2026-08-09T05:24:56
3490,1.5945390151947905,2.391424560546875,0.9921370148658752,1.127311201270757e-05,2.2804053664207458,0.5308473363518715,2026-08-09T05:26:10
3495,1.5968239460756313,2.233437156677246,0.9909456372261047,1.1243360491793682e-05,2.260123248398304,0.557515063136816,2026-08-09T05:27:27
3500,1.599108876956472,2.1111927032470703,1.1913031339645386,1.1213616160670105e-05,2.1076859146356584,0.5813146539032459,2026-08-09T05:28:37
3505,1.6013938078373129,2.147119140625,1.0094980001449585,1.1183879189517302e-05,2.1951744481921196,0.5625721462070942,2026-08-09T05:29:44
3510,1.6036787387181537,2.2305049896240234,0.9318543076515198,1.1154149748473636e-05,2.314972627162933,0.5451036095619202,2026-08-09T05:31:05
3515,1.6059636695989945,2.2395469665527346,0.8389052748680115,1.1124428007634387e-05,2.335730919241905,0.5329365231096744,2026-08-09T05:32:33
3520,1.6082486004798355,2.483043098449707,0.8803525567054749,1.1094714137050773e-05,2.4259860694408415,0.5305522911250591,2026-08-09T05:33:56
3525,1.6105335313606763,2.1273828506469727,1.0997802019119263,1.1065008306728989e-05,2.1400498330593107,0.5607268728315831,2026-08-09T05:35:12
3530,1.6128184622415171,2.2274412155151366,0.9819490313529968,1.1035310686629229e-05,2.25441275537014,0.5622133642435074,2026-08-09T05:36:26
3535,1.6151033931223582,2.1888969421386717,0.7798399329185486,1.1005621446664708e-05,2.207304912805557,0.5659951485693455,2026-08-09T05:37:45
3540,1.617388324003199,2.2715314865112304,0.8360109925270081,1.0975940756700692e-05,2.351774075627327,0.532294537127018,2026-08-09T05:39:05
3545,1.6196732548840398,2.290544891357422,0.8801040053367615,1.0946268786553537e-05,2.319401629269123,0.5370992124080658,2026-08-09T05:40:32
3550,1.6219581857648806,1.9870794296264649,1.0407441854476929,1.09166057059897e-05,2.0185756236314774,0.591851831972599,2026-08-09T05:41:42
3555,1.6242431166457214,2.300080490112305,1.1256297826766968,1.0886951684724792e-05,2.232381083071232,0.5522609829902649,2026-08-09T05:42:54
3560,1.6265280475265622,2.2396142959594725,0.7748154997825623,1.0857306892422573e-05,2.29631534665823,0.5355924390256405,2026-08-09T05:44:15
3565,1.628812978407403,2.332950401306152,0.9187319278717041,1.0827671498694012e-05,2.2876351952552794,0.5583124041557312,2026-08-09T05:45:27
3570,1.631097909288244,2.08477897644043,0.815086841583252,1.07980456730963e-05,2.149548405408859,0.5696748197078705,2026-08-09T05:46:48
3575,1.6333828401690849,2.210993003845215,0.9881882667541504,1.0768429585131884e-05,2.199000835418701,0.5682715691626072,2026-08-09T05:48:04
3580,1.635667771049926,2.2220945358276367,0.8986745476722717,1.0738823404247502e-05,2.1875515669584273,0.5631560452282429,2026-08-09T05:49:23
3585,1.6379527019307667,2.332691955566406,0.8987218737602234,1.0709227299833205e-05,2.358046156167984,0.5284983977675438,2026-08-09T05:50:34
3590,1.6402376328116075,2.155962371826172,0.8798404932022095,1.0679641441221396e-05,2.2600821584463118,0.5484325282275677,2026-08-09T05:51:46
3595,1.6425225636924483,2.1567541122436524,1.0785465240478516,1.0650065997685852e-05,2.2316652849316596,0.5559357881546021,2026-08-09T05:53:17
3600,1.6448074945732891,2.1993207931518555,1.135669469833374,1.0620501138440763e-05,2.2122605353593827,0.5579911708831787,2026-08-09T05:54:24
3605,1.64709242545413,2.218678092956543,1.0261201858520508,1.0590947032639756e-05,2.269070941209793,0.551167418807745,2026-08-09T05:55:44
3610,1.6493773563349707,2.3238948822021483,0.9446118474006653,1.0561403849374956e-05,2.3489447981119156,0.5376455046236515,2026-08-09T05:56:59
3615,1.6516622872158118,2.186307907104492,0.9044901728630066,1.0531871757675966e-05,2.2933922678232195,0.5421821743249893,2026-08-09T05:58:16
3620,1.6539472180966526,2.496929931640625,0.8798008561134338,1.0502350926508944e-05,2.3277834013104437,0.5494022831320763,2026-08-09T05:59:31
3625,1.6562321489774934,2.25686092376709,1.010852575302124,1.0472841524775618e-05,2.274772846698761,0.5543299354612827,2026-08-09T06:00:47
3630,1.6585170798583344,2.131608581542969,1.160438060760498,1.0443343721312327e-05,2.2353575378656387,0.5434859469532967,2026-08-09T06:02:01
3635,1.6608020107391752,2.2907886505126953,1.016401767730713,1.0413857684889048e-05,2.26610144674778,0.5547872424125672,2026-08-09T06:03:12
3640,1.663086941620016,2.37402286529541,1.0217119455337524,1.0384383584208433e-05,2.4825039386749266,0.5244553003460168,2026-08-09T06:04:26
3645,1.6653718725008568,2.4238866806030273,0.8205617666244507,1.0354921587904842e-05,2.401227116584778,0.5260859556496144,2026-08-09T06:05:47
3650,1.6676568033816976,2.2539567947387695,1.0767961740493774,1.0325471864543385e-05,2.2763378113508224,0.5496178302913904,2026-08-09T06:07:03
3655,1.6699417342625384,2.014366340637207,1.3046128749847412,1.0296034582618955e-05,2.1153408594429495,0.5834821611642838,2026-08-09T06:08:12
3660,1.6722266651433793,2.335515594482422,1.210806965827942,1.0266609910555257e-05,2.3250016659498214,0.5445011131465435,2026-08-09T06:09:25
3665,1.6745115960242203,2.154994010925293,0.9053595066070557,1.023719801670385e-05,2.1678210526704786,0.5731586001813411,2026-08-09T06:10:41
3670,1.676796526905061,2.056949806213379,0.94880610704422,1.0207799069343189e-05,2.1068333595991136,0.572397068887949,2026-08-09T06:11:52
3675,1.6790814577859021,2.2890974044799806,0.8733590245246887,1.017841323667765e-05,2.3140821263194082,0.5478763215243816,2026-08-09T06:13:14
3680,1.681366388666743,2.140511703491211,0.9066448211669922,1.0149040686836572e-05,2.210780772566795,0.5701611030846834,2026-08-09T06:14:40
3685,1.6836513195475837,2.29434814453125,1.0163671970367432,1.0119681587873305e-05,2.2908077776432036,0.5318566627800465,2026-08-09T06:15:46
3690,1.6859362504284245,2.374692916870117,1.221390724182129,1.0090336107764237e-05,2.3108642637729644,0.5328579925000667,2026-08-09T06:16:57
3695,1.6882211813092654,2.2029062271118165,1.0723389387130737,1.006100441440783e-05,2.2574324384331703,0.5572805747389793,2026-08-09T06:18:15
3700,1.6905061121901062,2.1219860076904298,0.9390209913253784,1.003168667562368e-05,2.1876981407403946,0.5568443909287453,2026-08-09T06:19:36
3705,1.692791043070947,2.3339162826538087,0.9337944388389587,1.0002383059151532e-05,2.3213870197534563,0.5523158259689808,2026-08-09T06:20:58
3710,1.695075973951788,2.365863227844238,1.1009176969528198,9.973093732650332e-06,2.334340600669384,0.5409975804388523,2026-08-09T06:22:07
3715,1.6973609048326288,2.160325813293457,1.0481945276260376,9.943818863697262e-06,2.182213255763054,0.5756082400679589,2026-08-09T06:23:14
3720,1.6996458357134698,2.202055740356445,1.015418291091919,9.914558619786808e-06,2.201955944299698,0.5496147975325585,2026-08-09T06:24:32
3725,1.7019307665943106,2.5129768371582033,1.0730987787246704,9.885313168329754e-06,2.5406956911087035,0.503793291002512,2026-08-09T06:25:54
3730,1.7042156974751514,2.158079719543457,1.067811369895935,9.856082676652263e-06,2.227260613441467,0.5686730030924082,2026-08-09T06:27:04
3735,1.7065006283559923,2.381449317932129,1.0202702283859253,9.826867311994903e-06,2.341813051700592,0.5449314974248409,2026-08-09T06:28:27
3740,1.708785559236833,2.15633487701416,0.9779092669487,9.79766724151169e-06,2.2655242517590524,0.5595127709209919,2026-08-09T06:29:47
3745,1.7110704901176739,2.159168243408203,1.0131481885910034,9.768482632269143e-06,2.1059985622763633,0.5797370783984661,2026-08-09T06:30:53
3750,1.7133554209985147,2.1994916915893556,1.0207879543304443,9.739313651245319e-06,2.2690776720643044,0.5589203737676144,2026-08-09T06:32:17
3755,1.7156403518793555,2.2901893615722657,1.0661425590515137,9.710160465328852e-06,2.276557467877865,0.5591397687792778,2026-08-09T06:33:39
3760,1.7179252827601965,2.3134408950805665,0.8968110084533691,9.681023241318014e-06,2.3811531245708464,0.5296314500272274,2026-08-09T06:35:06
3765,1.7202102136410373,2.108454132080078,1.1377230882644653,9.651902145919745e-06,2.1676753595471383,0.5723394542932511,2026-08-09T06:36:20
3770,1.7224951445218784,2.15316104888916,0.9853359460830688,9.622797345748706e-06,2.2011533707380293,0.5559943780303002,2026-08-09T06:37:44
3775,1.7247800754027192,2.0831430435180662,1.247446894645691,9.593709007326334e-06,2.1668107956647873,0.5609357751905918,2026-08-09T06:39:03
3780,1.72706500628356,2.082739067077637,0.9386498332023621,9.564637297079877e-06,2.1662865072488784,0.561700714379549,2026-08-09T06:40:21
3785,1.7293499371644008,2.388126182556152,1.1946544647216797,9.53558238134144e-06,2.320486433804035,0.5548136048018932,2026-08-09T06:41:34
3790,1.7316348680452416,2.3987810134887697,0.9442290663719177,9.506544426347048e-06,2.381029200553894,0.5369233027100563,2026-08-09T06:42:48
3795,1.7339197989260824,2.1093603134155274,0.8960134387016296,9.477523598235679e-06,2.2143069446086883,0.5665891401469707,2026-08-09T06:44:08
3800,1.7362047298069232,2.1037551879882814,1.0322877168655396,9.448520063048326e-06,2.150844004750252,0.562413639575243,2026-08-09T06:45:09
3805,1.7384896606877642,2.182381248474121,0.8737314939498901,9.419533986727036e-06,2.327521912753582,0.5491116784512997,2026-08-09T06:46:31
3810,1.740774591568605,2.384252738952637,0.9570062756538391,9.390565535113971e-06,2.4225326031446457,0.5299668990075588,2026-08-09T06:47:51
3815,1.743059522449446,1.9028732299804687,1.0972765684127808,9.36161487395045e-06,2.0755507692694666,0.5869558990001679,2026-08-09T06:49:08
3820,1.7453444533302869,2.233982467651367,0.9621833562850952,9.332682168876005e-06,2.281079590320587,0.5581309624016285,2026-08-09T06:50:31
3825,1.7476293842111277,2.262180709838867,1.1115938425064087,9.303767585427445e-06,2.3534075140953066,0.5387147910892963,2026-08-09T06:51:47
3830,1.7499143150919685,2.1961870193481445,1.1034876108169556,9.274871289037878e-06,2.3090443462133408,0.5305130362510682,2026-08-09T06:53:06
3835,1.7521992459728093,2.334046745300293,0.9911550283432007,9.245993445035803e-06,2.352893528342247,0.5397009901702404,2026-08-09T06:54:25
3840,1.75448417685365,2.287787437438965,1.0881916284561157,9.217134218644128e-06,2.3053281903266907,0.5577572926878929,2026-08-09T06:55:40
3840,1.75448417685365,,,,,,2026-08-09T07:15:10
3840,1.75448417685365,,,,,,2026-08-09T07:15:10
3845,1.756769107734491,2.2084819793701174,0.9914509057998657,9.18829377497925e-06,2.24148713350296,0.5424930959939956,2026-08-09T07:16:19
3850,1.759054038615332,2.3821231842041017,1.0080329179763794,9.159472279050103e-06,2.3411697655916215,0.5390659801661968,2026-08-09T07:17:43
3855,1.7613389694961727,2.287191963195801,1.3317774534225464,9.130669895757207e-06,2.4059731155633926,0.5335031807422638,2026-08-09T07:19:02
3860,1.7636239003770136,2.1386962890625,1.0984703302383423,9.101886789891734e-06,2.1964810103178025,0.5614444844424724,2026-08-09T07:20:23
3865,1.7659088312578546,2.2964569091796876,1.000800371170044,9.073123126134555e-06,2.3357601940631865,0.545225977897644,2026-08-09T07:21:49
3870,1.7681937621386954,2.1005718231201174,0.9978256225585938,9.044379069055318e-06,2.1473815768957136,0.5695052906870842,2026-08-09T07:23:10
3875,1.7704786930195362,2.562851333618164,1.1572654247283936,9.015654783111477e-06,2.451484966278076,0.5236533381044864,2026-08-09T07:24:15
3880,1.772763623900377,2.3260787963867187,0.9378098845481873,8.98695043264738e-06,2.4375622421503067,0.5454911459237337,2026-08-09T07:25:52
3885,1.7750485547812178,2.3289796829223635,1.0116050243377686,8.958266181893308e-06,2.3853589415550234,0.5369639806449413,2026-08-09T07:27:07
3890,1.7773334856620586,2.4248960494995115,1.0933555364608765,8.929602194964539e-06,2.392269378900528,0.5290300402790308,2026-08-09T07:28:19
3895,1.7796184165428994,2.0135297775268555,1.0486655235290527,8.90095863586042e-06,2.1274719834327698,0.5759858712553978,2026-08-09T07:29:35
3900,1.7819033474237405,2.3791677474975588,1.1363612413406372,8.872335668463418e-06,2.3794293820858003,0.5264191836118698,2026-08-09T07:30:40
3905,1.7841882783045813,2.10845832824707,1.0254757404327393,8.843733456538189e-06,2.1806851834058762,0.5683536984026432,2026-08-09T07:31:52
3910,1.7864732091854223,2.169975471496582,1.0321351289749146,8.81515216373063e-06,2.273746427893639,0.5481090821325779,2026-08-09T07:33:06
3915,1.788758140066263,2.267116928100586,0.9664105176925659,8.786591953566961e-06,2.2967310160398484,0.5455929808318615,2026-08-09T07:34:36
3920,1.791043070947104,2.092482566833496,0.9297291040420532,8.75805298945277e-06,2.205649396777153,0.5580664440989495,2026-08-09T07:35:57
3925,1.7933280018279447,2.164983367919922,1.153035044670105,8.729535434672091e-06,2.2661344528198244,0.5607367303222418,2026-08-09T07:37:24
3930,1.7956129327087855,2.588972473144531,1.3226368427276611,8.701039452386462e-06,2.552581764757633,0.5144717488437891,2026-08-09T07:38:46
3935,1.7978978635896263,2.3408578872680663,1.3429926633834839,8.672565205634006e-06,2.3917872667312623,0.541235564649105,2026-08-09T07:40:00
3940,1.8001827944704671,2.096507453918457,1.0298532247543335,8.644112857328475e-06,2.2272937297821045,0.5690305136144161,2026-08-09T07:41:22
3945,1.8024677253513082,2.3750608444213865,1.0262068510055542,8.615682570258337e-06,2.3663927555084228,0.5394099853932858,2026-08-09T07:42:49
3950,1.804752656232149,2.241166114807129,1.1098765134811401,8.587274507085836e-06,2.2588779032230377,0.5409334257245064,2026-08-09T07:44:08
3955,1.8070375871129898,2.223885726928711,0.9950236082077026,8.558888830346057e-06,2.241852621734142,0.5509423673152923,2026-08-09T07:45:18
3960,1.8093225179938308,2.4934091567993164,1.198255181312561,8.530525702446018e-06,2.4778640776872636,0.525994249433279,2026-08-09T07:46:42
3965,1.8116074488746716,2.283267593383789,1.0362958908081055,8.50218528566371e-06,2.330794322490692,0.5479194842278957,2026-08-09T07:47:59
3970,1.8138923797555124,2.2954662322998045,1.0293641090393066,8.473867742147194e-06,2.313757376372814,0.5552959226071834,2026-08-09T07:49:14
3975,1.8161773106363532,2.326759910583496,1.1336536407470703,8.445573233913653e-06,2.325979046523571,0.5378803987056017,2026-08-09T07:50:31
3980,1.818462241517194,2.192920684814453,1.2292853593826294,8.417301922848482e-06,2.30508254468441,0.5467689156532287,2026-08-09T07:51:37
3985,1.8207471723980349,2.4075607299804687,1.148708701133728,8.389053970704349e-06,2.3314007759094237,0.5428075656294823,2026-08-09T07:52:42
3990,1.8230321032788757,2.2958070755004885,1.3152693510055542,8.360829539100288e-06,2.273066407442093,0.5440801493823528,2026-08-09T07:53:42
3995,1.8253170341597167,2.2913845062255858,1.1234453916549683,8.332628789520749e-06,2.349478116631508,0.5294879406690598,2026-08-09T07:54:52
4000,1.8276019650405575,2.121634101867676,0.9853910207748413,8.304451883314688e-06,2.1988887965679167,0.5518670674413443,2026-08-09T07:56:13
4005,1.8298868959213985,2.5300554275512694,1.6215075254440308,8.27629898169465e-06,2.5747161746025085,0.5148691315203905,2026-08-09T07:57:22
4010,1.8321718268022393,2.116109275817871,1.1643651723861694,8.248170245735832e-06,2.2727645456790926,0.5605545550584793,2026-08-09T07:58:22
4015,1.8344567576830801,2.4089357376098635,1.0284109115600586,8.220065836375167e-06,2.41849607527256,0.5249699763953686,2026-08-09T07:59:33
4020,1.836741688563921,2.170573425292969,1.1747170686721802,8.191985914410413e-06,2.165990334749222,0.588335731625557,2026-08-09T08:00:53
4025,1.8390266194447618,2.448419189453125,1.0459001064300537,8.16393064049922e-06,2.3694609105587006,0.5324190877377987,2026-08-09T08:02:01
4030,1.8413115503256026,2.0925357818603514,1.1884015798568726,8.135900175158212e-06,2.1247659981250764,0.578203584998846,2026-08-09T08:03:08
4035,1.8435964812064434,2.460333251953125,1.2826427221298218,8.107894678762083e-06,2.38954336643219,0.5401193536818027,2026-08-09T08:04:21
4040,1.8458814120872844,2.1908254623413086,1.200891375541687,8.079914311542652e-06,2.2347395449876784,0.5485247638076544,2026-08-09T08:05:24
4045,1.8481663429681252,2.1289806365966797,1.18937087059021,8.05195923358798e-06,2.1512215048074723,0.5708440124988556,2026-08-09T08:06:29
4050,1.850451273848966,2.1928871154785154,0.9936168789863586,8.024029604841429e-06,2.318180999159813,0.5525034435093403,2026-08-09T08:07:47
4055,1.852736204729807,2.0142656326293946,1.1202634572982788,7.996125585100756e-06,2.0990216732025146,0.5881488054990769,2026-08-09T08:08:49
4060,1.8550211356106479,2.299470138549805,1.141208291053772,7.968247334017195e-06,2.314265602827072,0.5543485090136528,2026-08-09T08:10:06
4065,1.8573060664914887,2.080662155151367,1.203304648399353,7.940395011094548e-06,2.1796398609876633,0.5771116651594639,2026-08-09T08:11:15
4070,1.8595909973723295,2.1402692794799805,1.082821249961853,7.91256877568827e-06,2.1782732546329497,0.5819342970848084,2026-08-09T08:12:25
4075,1.8618759282531703,2.4351852416992186,1.300950527191162,7.884768787004556e-06,2.460337856411934,0.5318637631833554,2026-08-09T08:13:27
4080,1.864160859134011,2.6123273849487303,1.3297523260116577,7.856995204099442e-06,2.555235704779625,0.5179646367207169,2026-08-09T08:14:33
4085,1.866445790014852,2.3704166412353516,0.9761071801185608,7.829248185877871e-06,2.369396471977234,0.5321528956294059,2026-08-09T08:15:46
4090,1.868730720895693,2.364761734008789,1.0643866062164307,7.801527891092805e-06,2.3997694849967957,0.5228047303855419,2026-08-09T08:16:57
4095,1.8710156517765337,2.0680999755859375,1.1349273920059204,7.773834478344304e-06,2.1534570902585983,0.5789382137358189,2026-08-09T08:18:10
4100,1.8733005826573748,2.201520538330078,1.361383318901062,7.746168106078638e-06,2.2581348076462744,0.5692968316376209,2026-08-09T08:19:32
4105,1.8755855135382156,2.2946798324584963,1.1097307205200195,7.718528932587351e-06,2.3009846046566964,0.5547653958201408,2026-08-09T08:20:45
4110,1.8778704444190564,2.087525749206543,1.1630803346633911,7.690917116006377e-06,2.205227568745613,0.5638297721743584,2026-08-09T08:21:56
4115,1.8801553752998972,2.3903860092163085,1.362806797027588,7.663332814315127e-06,2.4308589443564417,0.5368563953787089,2026-08-09T08:22:58
4120,1.882440306180738,2.0477439880371096,1.188448429107666,7.63577618533559e-06,2.149371013045311,0.5741172097623348,2026-08-09T08:24:08
4125,1.8847252370615788,2.305057907104492,1.184244155883789,7.608247386731424e-06,2.269026580452919,0.5516217723488808,2026-08-09T08:25:12
4130,1.8870101679424196,2.1929500579833983,1.2596338987350464,7.580746576007061e-06,2.2051551699638368,0.5688724271953106,2026-08-09T08:26:26
4135,1.8892950988232606,2.386668586730957,1.2636545896530151,7.553273910506799e-06,2.4216394782066346,0.5234042555093765,2026-08-09T08:27:38
4140,1.8915800297041014,2.478641700744629,0.9974328875541687,7.525829547413907e-06,2.414035567641258,0.5306454166769982,2026-08-09T08:28:54
4145,1.8938649605849425,2.363711357116699,1.3464692831039429,7.498413643749719e-06,2.453901132941246,0.5405776552855969,2026-08-09T08:30:12
4150,1.8961498914657833,2.3891359329223634,1.1149380207061768,7.4710263563727415e-06,2.359303891658783,0.5456031382083892,2026-08-09T08:31:22
4155,1.898434822346624,2.230007553100586,1.2079949378967285,7.443667841977764e-06,2.1935247838497163,0.5710643753409386,2026-08-09T08:32:33
4160,1.900719753227465,2.476932716369629,1.3983397483825684,7.416338257094939e-06,2.4488410264253617,0.5344833061099052,2026-08-09T08:33:50
4165,1.9030046841083057,2.190252685546875,1.3439544439315796,7.3890377580889095e-06,2.2519079476594923,0.5623056262731552,2026-08-09T08:34:57
4170,1.9052896149891465,2.2679250717163084,1.2671164274215698,7.361766501157896e-06,2.254877637326717,0.5694019880145789,2026-08-09T08:36:04
4175,1.9075745458699873,1.9452239990234375,1.219028353691101,7.334524642332828e-06,2.0566609889268874,0.6034572176635266,2026-08-09T08:37:05
4180,1.9098594767508281,2.484630012512207,1.0711421966552734,7.307312337476421e-06,2.4259397596120835,0.5357151865959168,2026-08-09T08:38:23
4185,1.9121444076316692,2.3032283782958984,1.1808700561523438,7.280129742282301e-06,2.340207016468048,0.5359442599117756,2026-08-09T08:39:31
4190,1.91442933851251,2.0734771728515624,1.1451939344406128,7.2529770122741235e-06,2.1135913521051406,0.583912393450737,2026-08-09T08:40:32
4195,1.916714269393351,2.255052947998047,1.10245943069458,7.225854302804658e-06,2.3272850811481476,0.5512306548655033,2026-08-09T08:41:45
4200,1.9189992002741918,2.484695053100586,1.0798248052597046,7.198761769054918e-06,2.4726759612560274,0.5216129183769226,2026-08-09T08:43:02
4205,1.9212841311550326,2.512868118286133,1.3421911001205444,7.171699566033267e-06,2.481764245033264,0.5220514766871929,2026-08-09T08:44:16
4210,1.9235690620358734,2.2859683990478517,1.1734133958816528,7.144667848574545e-06,2.3476448595523833,0.5448956839740277,2026-08-09T08:45:26
4215,1.9258539929167142,2.1821567535400392,1.0492596626281738,7.117666771339154e-06,2.2281232595443727,0.5724591106176377,2026-08-09T08:46:31
4220,1.928138923797555,2.268482971191406,1.0804235935211182,7.090696488812198e-06,2.3505324512720107,0.5525434546172618,2026-08-09T08:47:44
4225,1.9304238546783958,2.3359777450561525,1.3236809968948364,7.063757155302589e-06,2.3702136784791947,0.536763359606266,2026-08-09T08:48:52
4230,1.9327087855592369,2.2241018295288084,1.3108283281326294,7.036848924942166e-06,2.325023573637009,0.5497608110308647,2026-08-09T08:50:01
4235,1.9349937164400777,2.312963104248047,1.154949426651001,7.009971951684813e-06,2.389832103252411,0.5369587138295173,2026-08-09T08:51:11
4240,1.9372786473209187,2.1153627395629884,1.759678602218628,6.983126389305581e-06,2.1908825427293777,0.5664834905415773,2026-08-09T08:52:13
4245,1.9395635782017595,2.3231653213500976,1.5474377870559692,6.9563123913998025e-06,2.321178486943245,0.5392150178551673,2026-08-09T08:53:04
4250,1.9418485090826003,2.4282815933227537,1.3260893821716309,6.929530111382215e-06,2.3964082419872286,0.540543032437563,2026-08-09T08:54:24
4255,1.9441334399634411,2.170882987976074,1.343268632888794,6.9027797024860864e-06,2.266025125980377,0.5670342430472374,2026-08-09T08:55:28
4260,1.946418370844282,2.344192314147949,1.194282054901123,6.876061317762331e-06,2.347189815342426,0.5391699515283108,2026-08-09T08:56:38
4265,1.9487033017251227,2.371167755126953,1.422985315322876,6.849375110078651e-06,2.4662897258996965,0.5310886949300766,2026-08-09T08:57:53
4270,1.9509882326059635,2.2255449295043945,1.1215640306472778,6.822721232118637e-06,2.290379236638546,0.5474961876869202,2026-08-09T08:59:05
4275,1.9532731634868046,2.3453691482543944,1.127293586730957,6.796099836380904e-06,2.4359095066785814,0.515013512223959,2026-08-09T09:00:14
4280,1.9555580943676454,2.3537738800048826,1.3129656314849854,6.769511075178241e-06,2.4128549069166185,0.531876228377223,2026-08-09T09:01:25
4285,1.9578430252484862,2.1121171951293944,1.6159095764160156,6.742955100636703e-06,2.2354146003723145,0.5713933937251567,2026-08-09T09:02:28
4290,1.9601279561293272,2.1488019943237306,1.3086724281311035,6.716432064694761e-06,2.2386505901813507,0.5671749077737331,2026-08-09T09:03:40
4295,1.962412887010168,2.1407791137695313,1.2594659328460693,6.689942119102435e-06,2.2292057290673255,0.5639347493648529,2026-08-09T09:04:49
4300,1.9646978178910088,2.1099578857421877,1.056913137435913,6.663485415420417e-06,2.2500520020723345,0.5651913821697235,2026-08-09T09:06:01
4305,1.9669827487718496,2.313981819152832,1.3063831329345703,6.637062105019205e-06,2.3785345166921616,0.5379784360527993,2026-08-09T09:07:22
4310,1.9692676796526905,2.395295333862305,1.2652626037597656,6.6106723390782445e-06,2.436919981241226,0.5517440818250179,2026-08-09T09:08:36
4315,1.9715526105335313,2.246478271484375,1.4211581945419312,6.58431626858505e-06,2.264632186293602,0.5557522296905517,2026-08-09T09:09:42
4320,1.973837541414372,2.442119026184082,1.1593306064605713,6.557994044334368e-06,2.4669813707470896,0.5329404730349779,2026-08-09T09:10:55
4320,1.973837541414372,,,,,,2026-08-09T09:28:21
4320,1.973837541414372,,,,,,2026-08-09T09:28:21
4325,1.976122472295213,2.263611602783203,1.4953670501708984,6.531705816927272e-06,2.351354107260704,0.5541668564081192,2026-08-09T09:29:34
4330,1.978407403176054,2.353651428222656,1.3174049854278564,6.50545173677034e-06,2.470332643389702,0.5272266253829002,2026-08-09T09:30:40
4335,1.980692334056895,2.1917577743530274,1.3369694948196411,6.479231954074775e-06,2.3405235320329667,0.5379789866507053,2026-08-09T09:31:46
4340,1.9829772649377357,2.4674457550048827,1.2065187692642212,6.453046618855543e-06,2.4546060889959334,0.52513507604599,2026-08-09T09:32:52
4345,1.9852621958185765,2.2001665115356444,1.1376010179519653,6.426895880930531e-06,2.288899290561676,0.5573377795517445,2026-08-09T09:34:02
4350,1.9875471266994174,2.221354293823242,1.676222801208496,6.400779889919664e-06,2.324052059650421,0.5577940411865712,2026-08-09T09:35:09
4355,1.9898320575802582,2.1758134841918944,1.1546809673309326,6.374698795244091e-06,2.2520995110273363,0.5670365165919066,2026-08-09T09:36:20
4360,1.992116988461099,2.311598014831543,1.2665424346923828,6.348652746125277e-06,2.355427286028862,0.5448373697698117,2026-08-09T09:37:39
4365,1.9944019193419398,2.194268989562988,1.3505196571350098,6.322641891584191e-06,2.383234828710556,0.5384952906519175,2026-08-09T09:38:50
4370,1.9966868502227808,2.0904306411743163,1.2807191610336304,6.296666380440425e-06,2.184647376835346,0.5754637256264686,2026-08-09T09:40:04
4375,1.9989717811036216,2.5459016799926757,1.3468376398086548,6.270726361311377e-06,2.5879488825798034,0.5065430339425803,2026-08-09T09:41:16
4380,2.000913972352336,2.0742513656616213,1.1640527248382568,6.244821982611361e-06,2.2640955939012417,0.55435910820961,2026-08-09T09:42:18
4385,2.0031989032331774,2.1218755722045897,1.2363040447235107,6.218953392550782e-06,2.2543577432632445,0.5632905267179013,2026-08-09T09:43:30
4390,2.005483834114018,2.209347152709961,1.3451402187347412,6.193120739135283e-06,2.323103556036949,0.5625149011611938,2026-08-09T09:44:48
4395,2.007768764994859,2.2616737365722654,1.2434756755828857,6.167324170164897e-06,2.2953007608652114,0.5616521514952183,2026-08-09T09:46:04
4400,2.0100536958757,2.1506460189819334,1.2953169345855713,6.141563833233202e-06,2.216328737139702,0.5771600283682347,2026-08-09T09:47:11
4405,2.0123386267565406,2.4245979309082033,1.2023077011108398,6.115839875726477e-06,2.4378569066524505,0.5352056160569191,2026-08-09T09:48:15
4410,2.0146235576373814,2.125166130065918,1.4502074718475342,6.090152444822858e-06,2.243224358558655,0.5577727742493153,2026-08-09T09:49:24
4415,2.0169084885182222,2.303451919555664,1.3792129755020142,6.064501687491496e-06,2.4080474764108657,0.5452556505799293,2026-08-09T09:50:33
4420,2.019193419399063,2.167973518371582,1.2550328969955444,6.038887750491714e-06,2.19503126591444,0.5563155014067889,2026-08-09T09:51:50
4425,2.021478350279904,1.950521469116211,1.5514824390411377,6.013310780372172e-06,2.085181897878647,0.5959619790315628,2026-08-09T09:52:49
4430,2.023763281160745,2.3419036865234375,1.275084376335144,5.987770923470032e-06,2.40855832695961,0.534683920443058,2026-08-09T09:54:00
4435,2.026048212041586,2.5355743408203124,1.4757769107818604,5.9622683259101046e-06,2.5007721930742264,0.5206287726759911,2026-08-09T09:55:10
4440,2.0283331429224267,2.1271162033081055,1.6204229593276978,5.936803133604028e-06,2.286223587393761,0.5732242003083229,2026-08-09T09:56:31
4445,2.0306180738032675,2.2087888717651367,1.4133141040802002,5.911375492249423e-06,2.276910750567913,0.5583737842738629,2026-08-09T09:57:38
4450,2.0329030046841083,2.267670249938965,1.3965522050857544,5.88598554732908e-06,2.3968559116125108,0.5444667778909207,2026-08-09T09:58:45
4455,2.035187935564949,2.245742988586426,1.4023609161376953,5.860633444110095e-06,2.3278069287538528,0.557063727080822,2026-08-09T10:00:02
4460,2.03747286644579,2.081771659851074,1.255568504333496,5.835319327643062e-06,2.2627983897924424,0.5696488283574581,2026-08-09T10:01:19
4465,2.0397577973266308,2.335233688354492,1.4025992155075073,5.810043342761233e-06,2.3105697885155676,0.5476639658212662,2026-08-09T10:02:37
4470,2.0420427282074716,2.2368038177490233,1.1340339183807373,5.784805634079698e-06,2.3242987245321274,0.5511066034436226,2026-08-09T10:03:45
4475,2.0443276590883124,2.325789451599121,1.7546494007110596,5.759606345994547e-06,2.381159299612045,0.5435573503375053,2026-08-09T10:05:12
4480,2.0466125899691536,2.3553552627563477,1.369860291481018,5.734445622682043e-06,2.4700883328914642,0.5304712533950806,2026-08-09T10:06:31
4485,2.0488975208499944,2.2503993988037108,1.909860610961914,5.709323608097824e-06,2.2747514650225638,0.5738708600401878,2026-08-09T10:07:41
4490,2.0511824517308352,2.324301338195801,1.7540314197540283,5.684240445976034e-06,2.375059059262276,0.5397444434463978,2026-08-09T10:08:47
4495,2.053467382611676,2.268844413757324,1.3399088382720947,5.659196279828538e-06,2.315830847620964,0.5504262506961822,2026-08-09T10:10:08
4500,2.055752313492517,2.524501991271973,1.697264552116394,5.634191252944086e-06,2.506560078263283,0.53173069357872,2026-08-09T10:11:15
4505,2.0580372443733577,2.3307977676391602,1.3262500762939453,5.609225508387493e-06,2.421669414639473,0.519875717908144,2026-08-09T10:12:27
4510,2.0603221752541985,2.331429100036621,1.3494582176208496,5.584299188998822e-06,2.3550015509128572,0.5445318758487702,2026-08-09T10:13:37
4515,2.0626071061350393,2.122234916687012,2.620756149291992,5.559412437392571e-06,2.2794247031211854,0.5632879458367824,2026-08-09T10:14:40
4520,2.06489203701588,2.4575384140014647,1.7238973379135132,5.5345653959568426e-06,2.4318502098321915,0.5392419897019863,2026-08-09T10:15:52
4525,2.067176967896721,2.5156579971313477,1.3946787118911743,5.509758206852559e-06,2.498113587498665,0.5323577418923378,2026-08-09T10:17:06
4530,2.069461898777562,2.5294240951538085,1.494640588760376,5.4849910120126166e-06,2.504770797491074,0.5069734290242195,2026-08-09T10:18:11
4535,2.071746829658403,2.2845222473144533,1.5132752656936646,5.46026395314108e-06,2.364570768177509,0.5338292315602302,2026-08-09T10:19:25
4540,2.0740317605392438,2.081438446044922,1.3034605979919434,5.4355771717124e-06,2.240923969447613,0.5638231217861176,2026-08-09T10:20:35
4545,2.0763166914200846,2.0773544311523438,1.4825465679168701,5.410930808970562e-06,2.2157643750309943,0.5763444885611534,2026-08-09T10:21:49
4550,2.0786016223009254,2.199693298339844,1.3148113489151,5.386325005928308e-06,2.3300091356039045,0.5428703375160694,2026-08-09T10:23:01
4555,2.080886553181766,2.171730804443359,1.3594411611557007,5.361759903366316e-06,2.3467376798391344,0.555028860270977,2026-08-09T10:24:19
4560,2.083171484062607,2.1355329513549806,1.938781976699829,5.337235641832402e-06,2.1978191167116163,0.5851446360349655,2026-08-09T10:25:30
4565,2.085456414943448,2.345277214050293,1.604875087738037,5.312752361640708e-06,2.3907905399799345,0.5593067929148674,2026-08-09T10:26:45
4570,2.0877413458242886,2.2883460998535154,1.7121222019195557,5.2883102028709085e-06,2.2690373733639717,0.5593051932752132,2026-08-09T10:27:48
4575,2.09002627670513,2.338565444946289,1.6297935247421265,5.263909305367402e-06,2.418151670694351,0.5472750864923001,2026-08-09T10:29:01
4580,2.0923112075859707,2.2698450088500977,1.5956820249557495,5.239549808738513e-06,2.332364173233509,0.5520783416926861,2026-08-09T10:30:25
4585,2.0945961384668115,2.2931379318237304,1.44173002243042,5.215231852355687e-06,2.3424474895000458,0.5545198053121567,2026-08-09T10:31:44
4590,2.0968810693476523,2.2557836532592774,1.5062620639801025,5.190955575352718e-06,2.3351665496826173,0.5500995449721813,2026-08-09T10:32:58
4595,2.099166000228493,2.1817949295043944,1.8782087564468384,5.166721116624915e-06,2.3641947120428086,0.5432476542890072,2026-08-09T10:34:04
4600,2.101450931109334,2.409200096130371,1.4277923107147217,5.142528614828331e-06,2.46643123626709,0.5296447522938251,2026-08-09T10:35:32
4605,2.1037358619901747,2.568869400024414,1.5625824928283691,5.11837820837897e-06,2.6364628672599792,0.4956661179661751,2026-08-09T10:36:45
4610,2.1060207928710155,2.288064193725586,1.4047573804855347,5.09427003545198e-06,2.3946560084819795,0.549412264674902,2026-08-09T10:38:05
4615,2.1083057237518563,2.256818389892578,1.613482117652893,5.0702042339808885e-06,2.335312435030937,0.5515184801071882,2026-08-09T10:39:14
4620,2.1105906546326976,2.076959991455078,1.3529455661773682,5.04618094165678e-06,2.228616175055504,0.5701617568731308,2026-08-09T10:40:26
4625,2.1128755855135384,2.2385431289672852,1.63787841796875,5.022200295927538e-06,2.2460853844881057,0.5605411171913147,2026-08-09T10:41:32
4630,2.115160516394379,2.3334606170654295,1.6358510255813599,4.998262433997039e-06,2.3969662517309187,0.5374393902719021,2026-08-09T10:42:31
4635,2.11744544727522,2.1146106719970703,2.0484719276428223,4.9743674928243735e-06,2.2609504014253616,0.5646551728248597,2026-08-09T10:43:47
4640,2.119730378156061,2.3564958572387695,1.6653597354888916,4.950515609123064e-06,2.4084188774228097,0.542482004314661,2026-08-09T10:45:08
4645,2.1220153090369016,2.165964126586914,1.5378040075302124,4.926706919360296e-06,2.287634605169296,0.5532943062484265,2026-08-09T10:46:18
4650,2.1243002399177424,2.459582710266113,1.4779479503631592,4.902941559756101e-06,2.435051216185093,0.5450538985431195,2026-08-09T10:47:30
4655,2.1265851707985832,1.9997997283935547,1.5013256072998047,4.879219666282614e-06,2.1832477539777755,0.5828601002693177,2026-08-09T10:48:39
4660,2.128870101679424,2.2360673904418946,1.4886943101882935,4.855541374663277e-06,2.3449307054281237,0.5537805780768394,2026-08-09T10:49:53
4665,2.1311550325602653,2.1207469940185546,1.5488063097000122,4.831906820372064e-06,2.256673921644688,0.5867049373686314,2026-08-09T10:51:14
4670,2.133439963441106,2.203832244873047,1.688782811164856,4.808316138632717e-06,2.2994777664542196,0.5634616054594517,2026-08-09T10:52:17
4675,2.135724894321947,2.3565303802490236,1.616956114768982,4.784769464417953e-06,2.4744909703731537,0.5210468888282775,2026-08-09T10:53:32
4680,2.1380098252027877,2.319196319580078,1.4113050699234009,4.761266932448708e-06,2.441856402158737,0.5374975312501192,2026-08-09T10:54:43
4685,2.1402947560836285,2.2230770111083986,1.6529499292373657,4.737808677193361e-06,2.355705788731575,0.5637144289910794,2026-08-09T10:55:42
4690,2.1425796869644693,2.214896011352539,1.7242863178253174,4.71439483286696e-06,2.253661197423935,0.5595690406858921,2026-08-09T10:56:57
4695,2.14486461784531,2.222117233276367,1.651434302330017,4.691025533430468e-06,2.216646057367325,0.5673511900007725,2026-08-09T10:58:05
4700,2.147149548726151,2.0575300216674806,1.8695355653762817,4.667700912589978e-06,2.20890192091465,0.5644478403031826,2026-08-09T10:59:17
4705,2.1494344796069917,2.3280145645141603,1.594857096672058,4.644421103795957e-06,2.3111615985631944,0.5533397577702999,2026-08-09T11:00:31
4710,2.1517194104878326,2.2879152297973633,1.7625397443771362,4.621186240242491e-06,2.3890301078557967,0.5613075979053974,2026-08-09T11:01:35
4715,2.154004341368674,2.2307317733764647,1.2585073709487915,4.5979964548665044e-06,2.275381487607956,0.5511853292584419,2026-08-09T11:02:57
4720,2.1562892722495146,2.2309404373168946,1.4558861255645752,4.574851880347017e-06,2.3099768221378327,0.5686312936246395,2026-08-09T11:04:10
4725,2.1585742031303554,2.3144481658935545,1.9591280221939087,4.551752649104371e-06,2.4312124222517015,0.5521849766373634,2026-08-09T11:05:34
4730,2.1608591340111962,2.197469139099121,1.690645456314087,4.528698893299485e-06,2.3745275497436524,0.5509392857551575,2026-08-09T11:06:44
4735,2.163144064892037,2.229542541503906,1.8010363578796387,4.505690744833087e-06,2.401823231577873,0.5389268919825554,2026-08-09T11:07:53
4740,2.165428995772878,2.378243255615234,1.7271523475646973,4.482728335344971e-06,2.414698588848114,0.5336648743599653,2026-08-09T11:08:46
4745,2.1677139266537186,2.1263664245605467,3.5377888679504395,4.4598117962132355e-06,2.2315053761005403,0.5798425193876028,2026-08-09T11:09:59
4750,2.1699988575345595,2.1889198303222654,1.6628265380859375,4.436941258553529e-06,2.3275468170642855,0.5501498825848102,2026-08-09T11:11:12
4755,2.1722837884154003,2.1938161849975586,2.153812885284424,4.41411685321832e-06,2.291522574424744,0.5603132329881191,2026-08-09T11:12:32
4760,2.174568719296241,2.366496467590332,2.1090989112854004,4.391338710796119e-06,2.5091969639062883,0.5202040834352374,2026-08-09T11:13:46
4765,2.1768536501770823,2.246782112121582,1.7850855588912964,4.368606961610752e-06,2.2586925879120825,0.5565416313707828,2026-08-09T11:14:46
4770,2.179138581057923,2.02593994140625,1.9266611337661743,4.345921735720608e-06,2.201838010549545,0.567683357000351,2026-08-09T11:15:46
4775,2.181423511938764,2.208467483520508,1.689735770225525,4.323283162917894e-06,2.290940451622009,0.5511494800448418,2026-08-09T11:16:57
4780,2.1837084428196047,2.4804409027099608,1.872238278388977,4.300691372727894e-06,2.470070445537567,0.5260785967111588,2026-08-09T11:18:14
4785,2.1859933737004456,2.3554067611694336,1.9079610109329224,4.278146494408238e-06,2.40532865524292,0.5334864057600498,2026-08-09T11:19:34
4790,2.1882783045812864,2.8134668350219725,1.5044046640396118,4.2556486569481355e-06,2.797390139102936,0.47226087637245656,2026-08-09T11:20:45
4795,2.190563235462127,2.4265205383300783,1.5549157857894897,4.2331979890676675e-06,2.445595163106918,0.543006019294262,2026-08-09T11:21:54
4800,2.192848166342968,2.187846565246582,1.5705299377441406,4.2107946192170315e-06,2.2616357684135435,0.5754927977919578,2026-08-09T11:23:11
4800,2.192848166342968,,,,,,2026-08-09T11:41:32
4800,2.192848166342968,,,,,,2026-08-09T11:41:32
4805,2.195133097223809,2.255270767211914,1.5324441194534302,4.188438675575808e-06,2.43999003469944,0.5373211011290551,2026-08-09T11:42:48
4810,2.19741802810465,2.4820135116577147,1.4990028142929077,4.166130286052246e-06,2.5183500349521637,0.5321404946967959,2026-08-09T11:44:04
4815,2.199702958985491,2.3274707794189453,1.9846843481063843,4.1438695782825e-06,2.388851049542427,0.5452517163008451,2026-08-09T11:45:13
4820,2.2019878898663316,2.242928695678711,6.09243631362915,4.121656679629925e-06,2.35205659866333,0.5610244572162628,2026-08-09T11:46:39
4825,2.2042728207471725,2.332973289489746,1.4518934488296509,4.099491717184335e-06,2.432945278286934,0.5436823911964893,2026-08-09T11:47:55
4830,2.2065577516280133,2.3083189010620115,1.7652338743209839,4.0773748177612824e-06,2.4179570078849792,0.5504223763942718,2026-08-09T11:49:10
4835,2.208842682508854,2.379871940612793,1.5444724559783936,4.05530610790133e-06,2.498160666227341,0.5306915428489447,2026-08-09T11:50:26
4840,2.211127613389695,2.4287609100341796,1.8764076232910156,4.033285713869323e-06,2.4975385665893555,0.5259355131536723,2026-08-09T11:51:32
4845,2.2134125442705357,2.0032346725463865,1.5705236196517944,4.011313761653672e-06,2.2404559761285783,0.5731990154832601,2026-08-09T11:52:41
4850,2.2156974751513765,2.2078725814819338,1.7795413732528687,3.989390376965635e-06,2.2808293491601943,0.5671823263168335,2026-08-09T11:53:52
4855,2.2179824060322177,2.1472394943237303,1.9462631940841675,3.967515685238584e-06,2.2775858640670776,0.5653739765286445,2026-08-09T11:55:05
4860,2.2202673369130586,2.3831365585327147,3.1369681358337402,3.945689811627313e-06,2.462230834364891,0.5329838573932648,2026-08-09T11:56:25
4865,2.2225522677938994,2.3357805252075194,1.7274162769317627,3.92391288100729e-06,2.3250602066516874,0.5617010034620762,2026-08-09T11:57:40
4870,2.22483719867474,2.1504438400268553,2.240506172180176,3.902185017973962e-06,2.3047996520996095,0.5543857552111149,2026-08-09T11:58:54
4875,2.227122129555581,2.2632755279541015,1.3086313009262085,3.88050634684205e-06,2.3870716631412505,0.5379730381071568,2026-08-09T12:00:13
4880,2.229407060436422,2.353488540649414,1.9899556636810303,3.858876991644811e-06,2.395460307598114,0.5452703207731247,2026-08-09T12:01:22
4885,2.2316919913172626,2.2958988189697265,2.404829502105713,3.837297076133353e-06,2.373430144786835,0.5495156161487103,2026-08-09T12:02:36
4890,2.2339769221981034,2.2619604110717773,1.6841157674789429,3.815766723775916e-06,2.3759367257356643,0.5506287984549999,2026-08-09T12:03:54
4895,2.236261853078944,2.3078502655029296,2.16133451461792,3.7942860577571627e-06,2.2954505324363708,0.5730834394693375,2026-08-09T12:05:07
4900,2.238546783959785,2.308420944213867,1.9694465398788452,3.7728552009774832e-06,2.380442388355732,0.5451872549951077,2026-08-09T12:06:25
4905,2.2408317148406263,2.127437210083008,2.3957667350769043,3.7514742760522885e-06,2.4104607135057448,0.5551455974578857,2026-08-09T12:07:37
4910,2.243116645721467,2.304153251647949,2.45296049118042,3.730143405311301e-06,2.361599546670914,0.5479603007435798,2026-08-09T12:09:00
4915,2.245401576602308,2.141430473327637,1.839021921157837,3.708862710797864e-06,2.2959245175123213,0.5582220435142518,2026-08-09T12:10:19
4920,2.2476865074831487,2.1612667083740233,2.0222926139831543,3.6876323142682466e-06,2.3349969178438186,0.5529348202049732,2026-08-09T12:11:29
4925,2.2499714383639895,2.3256263732910156,1.6946635246276855,3.6664523371909316e-06,2.4489046037197113,0.5266040533781051,2026-08-09T12:12:43
4930,2.2522563692448303,2.380740737915039,1.8016191720962524,3.6453229007459346e-06,2.4469976305961607,0.537015387415886,2026-08-09T12:13:56
4935,2.254541300125671,2.4587596893310546,1.563291311264038,3.624244125824104e-06,2.526966628432274,0.5481912147253751,2026-08-09T12:15:23
4940,2.256826231006512,2.3441415786743165,2.1271519660949707,3.603216133026431e-06,2.413763943314552,0.5434179402887821,2026-08-09T12:16:47
4945,2.2591111618873527,2.272041893005371,1.4950032234191895,3.582239042663363e-06,2.4705721184611322,0.5197895675897598,2026-08-09T12:18:05
4950,2.2613960927681935,2.2655147552490233,2.2293026447296143,3.5613129747541053e-06,2.417684365808964,0.5536347828805447,2026-08-09T12:19:29
4955,2.263681023649035,2.492674446105957,2.2278380393981934,3.540438049025953e-06,2.4728481978178025,0.5424378931522369,2026-08-09T12:20:38
4960,2.2659659545298756,2.4572219848632812,1.9798001050949097,3.5196143849135833e-06,2.5193260103464126,0.5317671053111553,2026-08-09T12:22:10
4965,2.2682508854107164,2.250290107727051,1.6620556116104126,3.498842101558386e-06,2.302419772744179,0.5658957831561565,2026-08-09T12:23:27
4970,2.270535816291557,2.284916305541992,1.9695689678192139,3.4781213178077767e-06,2.3902685761451723,0.5340231597423554,2026-08-09T12:24:35
4975,2.272820747172398,2.4165323257446287,2.1007983684539795,3.4574521522145285e-06,2.426103633642197,0.5419511079788208,2026-08-09T12:25:53
4980,2.275105678053239,2.441951370239258,1.670883297920227,3.4368347230360753e-06,2.421446996927261,0.5567009374499321,2026-08-09T12:27:17
4985,2.2773906089340796,2.3075180053710938,1.9557431936264038,3.4162691482338443e-06,2.392852729558945,0.5386601895093918,2026-08-09T12:28:36
4990,2.2796755398149204,2.257415199279785,1.6500111818313599,3.3957555454725857e-06,2.387389999628067,0.5443495608866215,2026-08-09T12:29:59
4995,2.2819604706957612,2.3098901748657226,1.8155144453048706,3.3752940321196884e-06,2.4167417109012606,0.545164655148983,2026-08-09T12:31:10
5000,2.2842454015766025,2.4148801803588866,1.6287438869476318,3.3548847252445226e-06,2.507992225885391,0.5255807943642139,2026-08-09T12:32:30
5005,2.2865303324574433,2.014631462097168,1.6491159200668335,3.334527741617753e-06,2.203539288043976,0.5889772832393646,2026-08-09T12:33:52
5010,2.288815263338284,2.440658187866211,2.2556960582733154,3.314223197710688e-06,2.40611771941185,0.5400830127298832,2026-08-09T12:35:03
5015,2.291100194219125,2.4080583572387697,1.8867454528808594,3.2939712096946003e-06,2.3845599085092544,0.5580905772745609,2026-08-09T12:36:28
5020,2.2933851250999657,2.425308036804199,1.949310064315796,3.2737718934400682e-06,2.5404588371515273,0.5319764949381351,2026-08-09T12:37:55
5025,2.2956700559808065,2.1622982025146484,2.164419651031494,3.253625364516311e-06,2.335175505280495,0.5714374132454395,2026-08-09T12:39:17
5030,2.2979549868616473,2.111311912536621,1.9952868223190308,3.233531738190533e-06,2.278722931444645,0.5851550020277501,2026-08-09T12:40:26
5035,2.300239917742488,2.189702033996582,1.6409885883331299,3.2134911294272554e-06,2.3597792118787764,0.566164618730545,2026-08-09T12:41:43
5040,2.302524848623329,2.2132278442382813,1.9415500164031982,3.1935036528876555e-06,2.306011751294136,0.5602479450404644,2026-08-09T12:43:02
5045,2.30480977950417,2.083877372741699,1.8042463064193726,3.173569422928936e-06,2.191677156090736,0.5845847837626934,2026-08-09T12:44:15
5050,2.307094710385011,2.330019950866699,1.8196581602096558,3.1536885536036358e-06,2.358296200633049,0.5460894733667374,2026-08-09T12:45:11
5055,2.309379641265852,2.2928234100341798,1.8136310577392578,3.133861158659e-06,2.3000946611166,0.5661608383059502,2026-08-09T12:46:21
5060,2.3116645721466926,2.1558464050292967,2.006314516067505,3.1140873515363226e-06,2.2670934706926347,0.5700937673449517,2026-08-09T12:47:49
5065,2.3139495030275334,2.220545196533203,1.7076735496520996,3.0943672453702958e-06,2.401774549484253,0.5506930623203516,2026-08-09T12:49:17
5070,2.3162344339083742,2.158945846557617,2.039700508117676,3.07470095298837e-06,2.2713734090328215,0.57340137809515,2026-08-09T12:50:40
5075,2.318519364789215,2.0999860763549805,2.35347056388855,3.0550885869101e-06,2.2973725110292436,0.5694857507944107,2026-08-09T12:51:49
5080,2.320804295670056,2.322421073913574,1.8019922971725464,3.035530259346499e-06,2.4464608073234557,0.5377593986690045,2026-08-09T12:53:12
5085,2.3230892265508967,2.3410383224487306,1.9002372026443481,3.016026082199416e-06,2.498907834291458,0.5277822978794575,2026-08-09T12:54:34
5090,2.325374157431738,2.5112789154052733,1.7997955083847046,2.99657616706087e-06,2.599389287829399,0.5131093814969063,2026-08-09T12:55:54
5095,2.3276590883125787,2.2353374481201174,1.820283055305481,2.9771806252124252e-06,2.320203447341919,0.5653727188706398,2026-08-09T12:57:07
5100,2.3299440191934195,2.236400604248047,1.9759178161621094,2.957839567624554e-06,2.401963472366333,0.5400746077299118,2026-08-09T12:58:25
5105,2.3322289500742603,2.310565376281738,2.3559603691101074,2.938553104955999e-06,2.4129168570041655,0.5524580381810665,2026-08-09T12:59:43
5110,2.334513880955101,2.129460334777832,2.167196035385132,2.9193213475531402e-06,2.384917202591896,0.5524355880916119,2026-08-09T13:01:01
5115,2.336798811835942,2.438892364501953,1.8154810667037964,2.9001444054493633e-06,2.4317206263542177,0.5435651034116745,2026-08-09T13:02:22
5120,2.3390837427167828,2.294795799255371,1.941118836402893,2.8810223883644418e-06,2.476737695932388,0.5388065222650766,2026-08-09T13:03:42
5125,2.3413686735976236,2.3022674560546874,2.0173757076263428,2.861955405703888e-06,2.4317460715770722,0.5576058328151703,2026-08-09T13:05:10
5130,2.3436536044784644,2.5522106170654295,2.1490585803985596,2.8429435665583385e-06,2.5732160985469816,0.5316106591373682,2026-08-09T13:06:27
5135,2.345938535359305,2.1574520111083983,2.8301970958709717,2.8239869797029305e-06,2.3468609899282455,0.5689495205879211,2026-08-09T13:07:39
5140,2.348223466240146,2.3526660919189455,1.9387563467025757,2.8050857535966855e-06,2.4347937941551208,0.5494963295757771,2026-08-09T13:08:59
5145,2.3505083971209872,2.2526103973388674,2.5044610500335693,2.7862399963818746e-06,2.4114757657051085,0.563299460709095,2026-08-09T13:10:07
5150,2.352793328001828,2.3381872177124023,2.173027992248535,2.7674498158834066e-06,2.4620887607336046,0.550690122693777,2026-08-09T13:11:28
5155,2.355078258882669,2.199441146850586,2.0902607440948486,2.7487153196082122e-06,2.31959944665432,0.5745062425732612,2026-08-09T13:12:42
5160,2.3573631897635097,2.0514703750610352,2.2794742584228516,2.7300366147446315e-06,2.2759866237640383,0.5667115606367588,2026-08-09T13:13:54
5165,2.3596481206443505,2.433698844909668,2.1725058555603027,2.711413808161792e-06,2.5179679930210113,0.51434256285429,2026-08-09T13:15:21
5170,2.3619330515251913,2.1854129791259767,2.0522897243499756,2.692847006409008e-06,2.341615642607212,0.5571636773645878,2026-08-09T13:16:28
5175,2.364217982406032,2.2685674667358398,2.0374441146850586,2.674336315715159e-06,2.3435091406106947,0.5651952922344208,2026-08-09T13:17:50
5180,2.366502913286873,2.289866828918457,2.221557378768921,2.6558818419880948e-06,2.357302352786064,0.5529947154223919,2026-08-09T13:19:12
5185,2.3687878441677137,2.2112377166748045,2.137561321258545,2.6374836908140174e-06,2.358435073494911,0.5599760256707669,2026-08-09T13:20:27
5190,2.371072775048555,2.2388566970825194,3.0674564838409424,2.619141967456884e-06,2.388749921321869,0.5484442539513111,2026-08-09T13:21:41
5195,2.3733577059293958,2.2386051177978517,2.6170475482940674,2.6008567768578117e-06,2.3882308930158613,0.5446932777762413,2026-08-09T13:22:50
5200,2.3756426368102366,2.3414791107177733,1.9454346895217896,2.582628223634455e-06,2.5279328525066376,0.5324193879961967,2026-08-09T13:24:15
5205,2.3779275676910774,2.237794303894043,2.3521065711975098,2.5644564120804267e-06,2.43244825899601,0.5385771296918392,2026-08-09T13:25:33
5210,2.380212498571918,2.3901500701904297,2.2502329349517822,2.5463414461647016e-06,2.479153057932854,0.5279551293700934,2026-08-09T13:26:50
5215,2.382497429452759,2.368333435058594,1.9582921266555786,2.5282834295310087e-06,2.486869066953659,0.5477582927793264,2026-08-09T13:28:17
5220,2.3847823603336,2.428944206237793,1.7890931367874146,2.5102824654972436e-06,2.5372575998306273,0.5226609475910664,2026-08-09T13:29:43
5225,2.3870672912144406,2.3878200531005858,2.639397382736206,2.4923386570548824e-06,2.56535422205925,0.5284086566418409,2026-08-09T13:30:56
5230,2.3893522220952814,2.2534929275512696,2.33339786529541,2.4744521068683887e-06,2.4313478738069536,0.5489367410540581,2026-08-09T13:32:19
5235,2.3916371529761227,2.2711076736450195,3.126502275466919,2.4566229172746245e-06,2.5295480519533156,0.5363955609500408,2026-08-09T13:33:29
5240,2.3939220838569635,2.2012414932250977,1.895302176475525,2.438851190282268e-06,2.4331005841493605,0.5369263704866171,2026-08-09T13:34:41
5245,2.3962070147378043,2.349045181274414,2.124077796936035,2.4211370275712256e-06,2.4527007043361664,0.53733049929142,2026-08-09T13:36:03
5250,2.398491945618645,2.2256437301635743,1.9250662326812744,2.403480530492058e-06,2.3485623747110367,0.5634126029908657,2026-08-09T13:37:29
5255,2.400776876499486,2.277775192260742,2.2869672775268555,2.385881800065394e-06,2.4755324602127073,0.5407868258655071,2026-08-09T13:38:47
5260,2.4030618073803267,2.420294189453125,2.1668522357940674,2.3683409369813488e-06,2.5486948609352114,0.5212043076753616,2026-08-09T13:40:11
5265,2.4053467382611675,2.2895389556884767,2.1440165042877197,2.3508580415989594e-06,2.455062857270241,0.5388058841228485,2026-08-09T13:41:34
5270,2.4076316691420083,2.3951467514038085,2.270235538482666,2.333433213945599e-06,2.43397319316864,0.5531043544411659,2026-08-09T13:42:49
5275,2.409916600022849,2.3206287384033204,1.9470388889312744,2.316066553716413e-06,2.450913119316101,0.5419368766248226,2026-08-09T13:44:06
5280,2.4122015309036904,2.310545539855957,2.028501033782959,2.298758160273742e-06,2.415140709280968,0.5570032060146332,2026-08-09T13:45:39
5280,2.4122015309036904,,,,,,2026-08-09T14:05:11
5280,2.4122015309036904,,,,,,2026-08-09T14:05:11
5285,2.414486461784531,2.365312194824219,2.5625226497650146,2.2815081326465593e-06,2.561597818136215,0.5339334778487682,2026-08-09T14:06:40
5290,2.416771392665372,2.2910003662109375,2.3283920288085938,2.2643165695299033e-06,2.4568788439035414,0.5532572224736214,2026-08-09T14:07:59
5295,2.419056323546213,2.3050537109375,2.569464683532715,2.2471835692843073e-06,2.4684158504009246,0.5384169414639473,2026-08-09T14:09:15
5300,2.4213412544270536,2.3810894012451174,2.4763598442077637,2.230109229935237e-06,2.48173865377903,0.5423726215958595,2026-08-09T14:10:36
5305,2.4236261853078944,2.5285167694091797,2.2692599296569824,2.213093649172547e-06,2.6202725648880003,0.5129678286612034,2026-08-09T14:11:53
5310,2.4259111161887352,2.527047348022461,1.9756712913513184,2.1961369243498938e-06,2.656044602394104,0.5277754038572311,2026-08-09T14:13:15
5315,2.428196047069576,2.4594499588012697,2.3906874656677246,2.1792391524841983e-06,2.5121249109506607,0.5373025730252265,2026-08-09T14:14:27
5320,2.430480977950417,2.5314662933349608,2.4486653804779053,2.1624004302550864e-06,2.5797530502080916,0.5294264771044255,2026-08-09T14:15:52
5325,2.432765908831258,2.2023754119873047,2.4284472465515137,2.1456208540043333e-06,2.3782120436429977,0.5640890710055828,2026-08-09T14:17:13
5330,2.435050839712099,2.462767791748047,3.2368969917297363,2.1289005197353164e-06,2.5625738352537155,0.5274631429463625,2026-08-09T14:18:31
5335,2.4373357705929397,2.334516716003418,2.202413558959961,2.1122395231124582e-06,2.4742910981178285,0.5403520308434964,2026-08-09T14:19:50
5340,2.4396207014737805,2.538653564453125,2.240940570831299,2.095637959460689e-06,2.637609142065048,0.4974824830889702,2026-08-09T14:21:16
5345,2.4419056323546213,2.3240758895874025,2.1368744373321533,2.079095923764897e-06,2.523465323448181,0.5438395354896783,2026-08-09T14:22:21
5350,2.444190563235462,2.1469566345214846,2.0545103549957275,2.0626135106693797e-06,2.357504802942276,0.5691611066460609,2026-08-09T14:23:26
5355,2.446475494116303,2.4293548583984377,3.0968260765075684,2.046190814477317e-06,2.5698841989040373,0.5216497533023358,2026-08-09T14:24:40
5360,2.4487604249971437,2.3434236526489256,2.4604365825653076,2.0298279291502116e-06,2.4463667452335356,0.5532730832695961,2026-08-09T14:26:01
5365,2.4510453558779846,2.2781967163085937,3.1028056144714355,2.0135249483073672e-06,2.3797627657651903,0.5562057733535767,2026-08-09T14:27:20
5370,2.4533302867588254,2.275502586364746,2.7898049354553223,1.997281965225345e-06,2.4356783777475357,0.550361604988575,2026-08-09T14:28:40
5375,2.455615217639666,2.3908802032470704,2.0101306438446045,1.9810990728374322e-06,2.4896555215120317,0.5377304673194885,2026-08-09T14:29:54
5380,2.4579001485205074,2.331860160827637,2.2000839710235596,1.9649763637331178e-06,2.40448040664196,0.5562923438847065,2026-08-09T14:31:11
5385,2.4601850794013482,2.193808364868164,2.32055401802063,1.9489139301575448e-06,2.3932736575603486,0.5415428176522254,2026-08-09T14:32:34
5390,2.462470010282189,2.3467790603637697,2.5963807106018066,1.9329118640110013e-06,2.4416788130998612,0.5451847435906529,2026-08-09T14:33:45
5395,2.46475494116303,2.3497371673583984,2.1910271644592285,1.916970256848384e-06,2.5240497410297396,0.5410591945052147,2026-08-09T14:35:00
5400,2.4670398720438707,2.5102869033813477,2.1443991661071777,1.9010891998786736e-06,2.5598550111055376,0.53157404884696,2026-08-09T14:36:18
5405,2.4693248029247115,2.3081003189086915,2.6862635612487793,1.8852687839644196e-06,2.4677892357110975,0.5322836615145207,2026-08-09T14:37:25
5410,2.4716097338055523,2.2763387680053713,2.0896708965301514,1.8695090996212209e-06,2.456343075633049,0.5527634061872959,2026-08-09T14:38:53
5415,2.473894664686393,2.3028867721557615,1.9614671468734741,1.8538102370171991e-06,2.3844473123550416,0.564165635406971,2026-08-09T14:40:02
5420,2.476179595567234,2.2740453720092773,2.0920374393463135,1.8381722859724878e-06,2.375339445471764,0.5620444916188717,2026-08-09T14:41:23
5425,2.478464526448075,2.3492046356201173,2.156214952468872,1.822595335958721e-06,2.3968175828456877,0.5625304736196994,2026-08-09T14:42:41
5430,2.480749457328916,2.193935585021973,2.765207290649414,1.8070794760985179e-06,2.365472650527954,0.5663654185831547,2026-08-09T14:43:49
5435,2.4830343882097567,2.2567975997924803,2.1303317546844482,1.7916247951649728e-06,2.467313152551651,0.5452205371111631,2026-08-09T14:45:07
5440,2.4853193190905976,2.2911521911621096,2.2722177505493164,1.7762313815811491e-06,2.47255220413208,0.5412182748317719,2026-08-09T14:46:29
5445,2.4876042499714384,2.483612823486328,2.7744510173797607,1.7608993234195737e-06,2.591151151061058,0.5165622208267451,2026-08-09T14:47:39
5450,2.489889180852279,2.3288995742797853,2.626073122024536,1.7456287084017308e-06,2.4892913520336153,0.5561289042234421,2026-08-09T14:49:02
5455,2.49217411173312,1.9668106079101562,2.4666290283203125,1.7304196238975584e-06,2.231574735045433,0.5982550427317619,2026-08-09T14:50:08
5460,2.494459042613961,2.484698677062988,2.2572524547576904,1.7152721569249603e-06,2.5064342707395553,0.5410700265318156,2026-08-09T14:51:21
5465,2.4967439734948016,2.258702278137207,2.4108071327209473,1.7001863941492877e-06,2.4161197394132614,0.565931923687458,2026-08-09T14:52:43
5470,2.499028904375643,2.2656929016113283,3.009042739868164,1.6851624218828647e-06,2.494715782999992,0.5427823297679424,2026-08-09T14:54:01
5475,2.5013138352564837,2.188532257080078,2.7777490615844727,1.6702003260844784e-06,2.4335250318050385,0.546221523731947,2026-08-09T14:55:16
5480,2.5035987661373245,2.452093315124512,2.6542623043060303,1.6553001923588954e-06,2.5088879346847532,0.5332763634622097,2026-08-09T14:56:31
5485,2.5058836970181653,2.136402702331543,2.4038891792297363,1.6404621059563695e-06,2.3482154965400697,0.5604612104594707,2026-08-09T14:57:39
5490,2.508168627899006,2.2863819122314455,2.164759874343872,1.6256861517721516e-06,2.414442244172096,0.5435645036399365,2026-08-09T14:58:56
5495,2.510453558779847,2.250590133666992,2.6253581047058105,1.610972414346014e-06,2.42736459672451,0.5481653742492199,2026-08-09T15:00:06
5500,2.5127384896606877,2.1426042556762694,2.6817009449005127,1.596320977861751e-06,2.3178608030080796,0.5708490699529648,2026-08-09T15:01:18
5505,2.5150234205415285,2.3756452560424806,2.2591075897216797,1.581731926146711e-06,2.479314422607422,0.5432309187948704,2026-08-09T15:02:37
5510,2.5173083514223693,2.363199996948242,2.414031505584717,1.5672053426713087e-06,2.4566608339548113,0.5593571320176125,2026-08-09T15:03:58
5515,2.5195932823032106,2.1534826278686525,1.9608708620071411,1.5527413105485528e-06,2.3230915039777758,0.5657197825610638,2026-08-09T15:05:20
5520,2.521878213184051,2.289050483703613,2.8590445518493652,1.538339912533568e-06,2.395543324947357,0.5607554510235786,2026-08-09T15:06:34
5525,2.524163144064892,2.358718490600586,3.4977245330810547,1.52400123102312e-06,2.4825598686933517,0.5546501167118549,2026-08-09T15:07:54
5530,2.526448074945733,2.5190618515014647,2.0501153469085693,1.5097253480551465e-06,2.4963528335094454,0.5468798469752073,2026-08-09T15:09:20
5535,2.528733005826574,2.295824432373047,2.7851366996765137,1.495512345308285e-06,2.4095759481191634,0.5489837311208248,2026-08-09T15:10:37
5540,2.5310179367074146,2.2266822814941407,2.565884828567505,1.4813623041014108e-06,2.4046180963516237,0.5557085506618022,2026-08-09T15:11:43
5545,2.5333028675882554,2.30151252746582,2.1951119899749756,1.4672753053931635e-06,2.491086968779564,0.536934095621109,2026-08-09T15:12:51
5550,2.535587798469096,2.6858570098876955,2.5629971027374268,1.4532514297814963e-06,2.7196615040302277,0.5047162216156721,2026-08-09T15:14:08
5555,2.537872729349937,2.510147476196289,2.117467164993286,1.439290757503202e-06,2.5807193130254746,0.5251407731324435,2026-08-09T15:15:27
5560,2.5401576602307783,2.3726558685302734,2.12931489944458,1.4253933684334585e-06,2.459154960513115,0.5435898251831531,2026-08-09T15:16:44
5565,2.5424425911116186,2.3340774536132813,2.352661371231079,1.4115593420853738e-06,2.4259935349225996,0.5474687643349171,2026-08-09T15:17:54
5570,2.54472752199246,2.257074737548828,2.886183500289917,1.3977887576095291e-06,2.483324670791626,0.5371652022004128,2026-08-09T15:18:59
5575,2.5470124528733007,2.5412973403930663,2.4498839378356934,1.384081693793532e-06,2.5241776287555693,0.5482424844056368,2026-08-09T15:20:12
5580,2.5492973837541415,2.1233440399169923,2.9350697994232178,1.3704382290615519e-06,2.275842721760273,0.5779247373342514,2026-08-09T15:21:15
5585,2.5515823146349823,2.5157623291015625,2.5474789142608643,1.3568584414738836e-06,2.517911410331726,0.5275724425911903,2026-08-09T15:22:26
5590,2.553867245515823,2.4066349029541017,2.7888593673706055,1.3433424087264987e-06,2.522806331515312,0.5340726107358933,2026-08-09T15:23:37
5595,2.556152176396664,2.3945537567138673,2.0980825424194336,1.329890208150597e-06,2.429639583826065,0.5468867063522339,2026-08-09T15:24:53
5600,2.5584371072775047,2.235385704040527,2.034505844116211,1.3165019167121637e-06,2.324679693579674,0.5708985097706318,2026-08-09T15:26:11
5605,2.560722038158346,2.3103965759277343,2.287166118621826,1.3031776110115384e-06,2.3919480592012405,0.5447554975748062,2026-08-09T15:27:29
5610,2.5630069690391863,2.32299747467041,2.193089008331299,1.2899173672829625e-06,2.473895287513733,0.5383951395750046,2026-08-09T15:28:54
5615,2.5652918999200276,2.276729965209961,2.732095956802368,1.276721261394155e-06,2.4505216270685195,0.5447431668639183,2026-08-09T15:30:21
5620,2.5675768308008684,2.4353837966918945,2.8084681034088135,1.2635893688458717e-06,2.471893537044525,0.5454967595636845,2026-08-09T15:31:39
5625,2.569861761681709,2.340101623535156,2.2679920196533203,1.250521764771481e-06,2.469678318500519,0.5488161459565163,2026-08-09T15:33:04
5630,2.57214669256255,2.2145130157470705,2.6161067485809326,1.2375185239365205e-06,2.4037481963634493,0.5575447142124176,2026-08-09T15:34:13
5635,2.574431623443391,2.38979434967041,2.6669440269470215,1.2245797207382794e-06,2.5813975632190704,0.530602901428938,2026-08-09T15:35:26
5640,2.5767165543242316,2.441297721862793,2.213517665863037,1.2117054292053787e-06,2.4903921723365783,0.552222055196762,2026-08-09T15:36:42
5645,2.5790014852050724,2.233168029785156,2.3629989624023438,1.198895722997327e-06,2.3919362097978594,0.5577729061245918,2026-08-09T15:38:02
5650,2.5812864160859132,2.1268306732177735,2.220525026321411,1.1861506754041227e-06,2.3815080553293226,0.5597476847469807,2026-08-09T15:39:15
5655,2.583571346966754,2.2052968978881835,2.6151626110076904,1.1734703593458143e-06,2.404435622692108,0.5558527491986751,2026-08-09T15:40:38
5660,2.5858562778475953,2.3886098861694336,2.1561241149902344,1.1608548473721003e-06,2.5429969906806944,0.5357348665595054,2026-08-09T15:42:12
5665,2.588141208728436,2.4034103393554687,2.4375150203704834,1.148304211661902e-06,2.560349589586258,0.5373225063085556,2026-08-09T15:43:29
5670,2.590426139609277,2.5374303817749024,2.9812850952148438,1.1358185240229553e-06,2.5804749101400377,0.5199198264628648,2026-08-09T15:44:54
5675,2.5927110704901177,2.4199771881103516,2.8729090690612793,1.1233978558914019e-06,2.5759137243032457,0.5479361444711686,2026-08-09T15:46:14
5680,2.5949960013709585,2.281769371032715,2.199983596801758,1.111042278331373e-06,2.4957905292510985,0.5451411426067352,2026-08-09T15:47:35
5685,2.5972809322517993,2.3694637298583983,2.83557391166687,1.0987518620345958e-06,2.5163171708583834,0.5396275609731674,2026-08-09T15:49:00
5690,2.59956586313264,2.3776437759399416,2.6839563846588135,1.0865266773199754e-06,2.602588763833046,0.5349863700568676,2026-08-09T15:50:11
5695,2.601850794013481,2.4912059783935545,2.386331558227539,1.0743667941331998e-06,2.520370161533356,0.5381532665342093,2026-08-09T15:51:25
5700,2.6041357248943218,2.5080793380737303,2.3438801765441895,1.0622722820463365e-06,2.675775793194771,0.513760507851839,2026-08-09T15:52:52
5705,2.606420655775163,2.1987977981567384,2.561650276184082,1.0502432102574372e-06,2.463592091202736,0.5533106692135334,2026-08-09T15:54:03
5710,2.6087055866560034,2.350233268737793,2.6904749870300293,1.0382796475901402e-06,2.490129941701889,0.5599817108362913,2026-08-09T15:55:23
5715,2.6109905175368446,2.000484657287598,2.5713672637939453,1.0263816624932809e-06,2.220687800645828,0.591256956756115,2026-08-09T15:56:33
5720,2.6132754484176854,2.3382246017456056,2.099351406097412,1.014549323040491e-06,2.4892427742481233,0.5475364714860916,2026-08-09T15:57:47
5725,2.6155603792985263,2.4080963134765625,2.4809558391571045,1.0027826969298159e-06,2.504489478468895,0.5394382536411285,2026-08-09T15:59:10
5730,2.617845310179367,2.2412788391113283,2.5103344917297363,9.91081851483329e-07,2.4301103234291075,0.5470859199762345,2026-08-09T16:00:35
5735,2.620130241060208,2.369828224182129,2.3354928493499756,9.79446853646737e-07,2.5265438586473463,0.5303859494626522,2026-08-09T16:01:56
5740,2.6224151719410487,2.456089210510254,2.284649610519409,9.678777699890133e-07,2.5486663788557054,0.5315102301537991,2026-08-09T16:03:21
5745,2.6247001028218895,2.257809638977051,2.4144818782806396,9.56374666701998e-07,2.4557971969246863,0.5517740931361914,2026-08-09T16:04:39
5750,2.6269850337027307,2.3891529083251952,2.3034257888793945,9.449376096000315e-07,2.505355474352837,0.5521317973732949,2026-08-09T16:05:59
5755,2.629269964583571,2.1477119445800783,2.8482682704925537,9.335666641195756e-07,2.3728723973035812,0.5625471942126751,2026-08-09T16:07:09
5760,2.6315548954644123,2.6161426544189452,3.11968994140625,9.222618953188364e-07,2.6900434672832487,0.5104547088965774,2026-08-09T16:08:19
5760,2.6315548954644123,,,,,,2026-08-09T16:27:44
5760,2.6315548954644123,,,,,,2026-08-09T16:27:44
5765,2.633839826345253,2.464109420776367,2.531031608581543,9.110233678773963e-07,2.5443411737680437,0.5409271076321602,2026-08-09T16:29:00
5770,2.636124757226094,2.074086380004883,2.5198426246643066,8.998511460958397e-07,2.2708622068166733,0.5729302734136581,2026-08-09T16:30:13
5775,2.6384096881069348,2.2474781036376954,2.34592604637146,8.887452938953891e-07,2.3532389432191847,0.5566453598439693,2026-08-09T16:31:23
5780,2.6406946189877756,2.2873628616333006,2.3995535373687744,8.777058748175346e-07,2.43802287876606,0.5513679310679436,2026-08-09T16:32:37
5785,2.6429795498686164,2.3485565185546875,3.0535948276519775,8.667329520236731e-07,2.481850913167,0.5387965768575669,2026-08-09T16:33:59
5790,2.645264480749457,2.4317224502563475,2.438932418823242,8.558265882947488e-07,2.5982092350721357,0.5368209972977638,2026-08-09T16:35:31
5795,2.6475494116302984,2.287057304382324,2.6727471351623535,8.449868460308944e-07,2.4356275349855423,0.5453327499330044,2026-08-09T16:36:49
5800,2.649834342511139,2.3574872970581056,2.7613558769226074,8.342137872510647e-07,2.5099496871232985,0.5254854410886765,2026-08-09T16:38:09
5805,2.65211927339198,2.4812217712402345,2.5879597663879395,8.235074735926926e-07,2.520075890421867,0.5303161650896072,2026-08-09T16:39:24
5810,2.654404204272821,2.153497886657715,2.5404372215270996,8.128679663113369e-07,2.367722120881081,0.5753773041069508,2026-08-09T16:40:43
5815,2.6566891351536617,2.176401710510254,2.6972880363464355,8.022953262803209e-07,2.3565068751573564,0.5617756992578506,2026-08-09T16:41:51
5820,2.6589740660345025,2.3045974731445313,2.4310364723205566,7.917896139903943e-07,2.4250968158245088,0.5516592510044575,2026-08-09T16:43:10
5825,2.6612589969153433,2.4744426727294924,3.5575101375579834,7.813508895493815e-07,2.5829436600208284,0.5388838239014149,2026-08-09T16:44:36
5830,2.663543927796184,2.3517627716064453,2.069013833999634,7.709792126818411e-07,2.502253532409668,0.5410871535539628,2026-08-09T16:45:52
5835,2.665828858677025,2.2524206161499025,2.30542254447937,7.606746427287231e-07,2.400630348920822,0.5499046668410301,2026-08-09T16:47:05
5840,2.6681137895578657,2.2837446212768553,2.496753215789795,7.504372386470282e-07,2.4522962838411333,0.5449826523661614,2026-08-09T16:48:18
5845,2.6703987204387065,2.4334617614746095,3.076709270477295,7.40267059009471e-07,2.5475249171257017,0.5257027961313725,2026-08-09T16:49:31
5850,2.6726836513195478,2.3791175842285157,2.566401481628418,7.301641620041502e-07,2.459979182481766,0.5515640672296286,2026-08-09T16:50:48
5855,2.6749685822003886,2.402291488647461,2.4785330295562744,7.201286054342047e-07,2.5507082462310793,0.5305447474122047,2026-08-09T16:52:15
5860,2.6772535130812294,2.2742639541625977,2.5721631050109863,7.101604467174908e-07,2.4629867404699324,0.5611813396215439,2026-08-09T16:53:33
5865,2.67953844396207,2.2436201095581056,2.2400972843170166,7.002597428862542e-07,2.441471427679062,0.5495684772729874,2026-08-09T16:54:54
5870,2.681823374842911,2.2691450119018555,2.5951755046844482,6.904265505867979e-07,2.4523700177669525,0.5465525969862938,2026-08-09T16:56:16
5875,2.684108305723752,2.271847152709961,2.5353405475616455,6.80660926079163e-07,2.507635161280632,0.5330753311514854,2026-08-09T16:57:35
5880,2.6863932366045926,2.3926856994628904,2.7624270915985107,6.709629252368052e-07,2.468714737892151,0.5462931714951992,2026-08-09T16:58:47
5885,2.6886781674854334,2.2621185302734377,2.6099026203155518,6.613326035462775e-07,2.397391843795776,0.5559076026082039,2026-08-09T16:59:59
5890,2.6909630983662742,2.283454704284668,2.2141220569610596,6.51770016106909e-07,2.4873353600502015,0.5507436150684952,2026-08-09T17:01:20
5895,2.6932480292471155,2.3480653762817383,2.310624837875366,6.422752176304892e-07,2.409932592511177,0.563951100409031,2026-08-09T17:02:37
5900,2.6955329601279563,2.1974056243896483,4.065392971038818,6.328482624409591e-07,2.444833540916443,0.5594550117850303,2026-08-09T17:03:53
5905,2.697817891008797,2.517570686340332,2.521458387374878,6.234892044740981e-07,2.5728868544101715,0.5377349548041821,2026-08-09T17:05:16
5910,2.700102821889638,2.4144512176513673,3.0392229557037354,6.141980972772174e-07,2.557198870182037,0.5460149187594652,2026-08-09T17:06:29
5915,2.7023877527704787,2.3205055236816405,2.855839967727661,6.049749940088473e-07,2.4788631916046144,0.5500698305666447,2026-08-09T17:07:50
5920,2.7046726836513195,2.280931282043457,3.0415902137756348,5.958199474384391e-07,2.447263276576996,0.5556957706809044,2026-08-09T17:09:14
5925,2.7069576145321603,2.2633899688720702,2.7305643558502197,5.867330099460652e-07,2.4645796597003935,0.5520523741841317,2026-08-09T17:10:37
5930,2.709242545413001,2.1559301376342774,3.043346643447876,5.777142335221128e-07,2.3720780670642854,0.5642592161893845,2026-08-09T17:11:51
5935,2.711527476293842,2.5878576278686523,4.069581985473633,5.687636697669877e-07,2.548563241958618,0.5444094419479371,2026-08-09T17:12:59
5940,2.713812407174683,2.3431005477905273,2.3921689987182617,5.598813698908245e-07,2.4446259468793867,0.559424152225256,2026-08-09T17:14:10
5945,2.7160973380555236,2.2483642578125,2.436314105987549,5.510673847131887e-07,2.4120259165763853,0.5575620569288731,2026-08-09T17:15:35
5950,2.718382268936365,2.2968008041381838,2.6181604862213135,5.423217646627856e-07,2.4152154237031938,0.5612163931131363,2026-08-09T17:16:50
5955,2.7206671998172056,2.286615753173828,2.6942362785339355,5.336445597771758e-07,2.439668598771095,0.5530983872711659,2026-08-09T17:18:11
5960,2.7229521306980464,2.301919937133789,3.173003911972046,5.250358197024865e-07,2.525117927789688,0.5451614268124103,2026-08-09T17:19:27
5965,2.7252370615788872,2.2375520706176757,2.490128993988037,5.164955936931254e-07,2.414156785607338,0.5488162010908126,2026-08-09T17:20:33
5970,2.727521992459728,2.201888847351074,3.091190814971924,5.080239306114995e-07,2.3852380365133286,0.5642607159912586,2026-08-09T17:21:48
5975,2.729806923340569,2.184189224243164,2.9031100273132324,4.996208789277437e-07,2.4075008988380433,0.557826541364193,2026-08-09T17:23:08
5980,2.7320918542214097,2.293366241455078,2.5959270000457764,4.912864867194306e-07,2.447181025147438,0.561529490351677,2026-08-09T17:24:21
5985,2.734376785102251,2.313292121887207,2.573934316635132,4.830208016713036e-07,2.533233568072319,0.5327178776264191,2026-08-09T17:25:43
5990,2.7366617159830913,2.352809715270996,2.8350770473480225,4.7482387107500167e-07,2.4660164803266524,0.528717540204525,2026-08-09T17:27:01
5995,2.7389466468639325,2.248988151550293,2.4452435970306396,4.6669574182879037e-07,2.4224928319454193,0.5584746908396483,2026-08-09T17:28:15
6000,2.7412315777447733,2.266661834716797,2.5027248859405518,4.5863646043728945e-07,2.4060774028301237,0.5469000086188316,2026-08-09T17:29:35
6005,2.743516508625614,2.165509033203125,2.7691597938537598,4.5064607301121135e-07,2.357660672068596,0.5614583313465118,2026-08-09T17:30:54
6010,2.745801439506455,2.376900863647461,2.591365337371826,4.4272462526709636e-07,2.5137125223875048,0.5329799428582191,2026-08-09T17:32:20
6015,2.7480863703872958,2.5098060607910155,2.7745418548583984,4.34872162527053e-07,2.5439271509647368,0.5228997491300106,2026-08-09T17:33:35
6020,2.7503713012681366,2.283962059020996,2.600426435470581,4.270887297184889e-07,2.4695532500743864,0.5338724255561829,2026-08-09T17:34:50
6025,2.7526562321489774,2.273858642578125,2.627986192703247,4.1937437137386653e-07,2.472831133008003,0.5409883808344602,2026-08-09T17:36:08
6030,2.7549411630298186,2.3538082122802733,2.6706745624542236,4.1172913163044087e-07,2.4237081736326216,0.5466130167245865,2026-08-09T17:37:23
6035,2.757226093910659,2.3621959686279297,2.4100427627563477,4.0415305423000956e-07,2.5374660223722456,0.5271875970065594,2026-08-09T17:38:35
6040,2.7595110247915002,2.0283395767211916,2.8619349002838135,3.966461825186604e-07,2.262586158514023,0.5911786183714867,2026-08-09T17:40:02
6045,2.761795955672341,2.1629114151000977,2.5500168800354004,3.892085594465286e-07,2.3245909780263903,0.5750887587666511,2026-08-09T17:41:23
6050,2.764080886553182,2.111213493347168,2.45819091796875,3.818402275675398e-07,2.3645123153924943,0.5677965879440308,2026-08-09T17:42:32
6055,2.7663658174340227,2.222580146789551,2.431381940841675,3.7454122903918393e-07,2.423428174853325,0.5633731313049793,2026-08-09T17:44:00
6060,2.7686507483148635,2.0971134185791014,2.4051079750061035,3.6731160562225584e-07,2.300603857636452,0.5803133428096772,2026-08-09T17:45:20
6065,2.7709356791957043,2.310400390625,2.6204142570495605,3.601513986806304e-07,2.3727090269327165,0.5551449865102768,2026-08-09T17:46:30
6070,2.773220610076545,2.3704998016357424,2.734175682067871,3.530606491810168e-07,2.5361297532916067,0.5399152003228664,2026-08-09T17:47:51
6075,2.775505540957386,2.6750391006469725,2.51328444480896,3.4603939769272814e-07,2.778756636381149,0.4880581460893154,2026-08-09T17:49:17
6080,2.7777904718382267,2.328145980834961,3.2645034790039062,3.3908768438744993e-07,2.5054272264242172,0.5450082339346409,2026-08-09T17:50:15
6085,2.780075402719068,2.583230209350586,2.649531841278076,3.3220554903900527e-07,2.6708057314157485,0.51486935634166,2026-08-09T17:51:44
6090,2.7823603335999088,2.4826717376708984,2.327268600463867,3.2539303102313704e-07,2.4580387473106384,0.5552089039236308,2026-08-09T17:53:00
6095,2.7846452644807496,2.561138916015625,2.6383426189422607,3.1865016931727084e-07,2.678613007068634,0.5173882629722357,2026-08-09T17:54:22
6100,2.7869301953615904,2.526370620727539,3.021653890609741,3.119770025003022e-07,2.596708220243454,0.53851551823318,2026-08-09T17:55:41
6105,2.789215126242431,2.5351049423217775,4.810439586639404,3.053735687523665e-07,2.589021587371826,0.5332420207560062,2026-08-09T17:56:52
6110,2.791500057123272,2.343682289123535,2.66487455368042,2.9883990585463096e-07,2.5381129324436187,0.5422876730561257,2026-08-09T17:58:17
6115,2.793784988004113,2.519046592712402,3.289790391921997,2.92376051189068e-07,2.5949630320072172,0.52207176014781,2026-08-09T17:59:30
6120,2.7960699188849536,2.4885986328125,2.3649160861968994,2.8598204173825027e-07,2.610562211275101,0.5182856641709804,2026-08-09T18:00:52
6125,2.7983548497657944,2.3307918548583983,2.509000301361084,2.7965791408513243e-07,2.417976066470146,0.5542984075844288,2026-08-09T18:02:08
6130,2.8006397806466357,2.3435388565063477,2.6095824241638184,2.7340370441284597e-07,2.503562006354332,0.5384705010801554,2026-08-09T18:03:18
6135,2.802924711527476,2.299174690246582,2.91646146774292,2.672194485044882e-07,2.4414001911878587,0.5555821932852268,2026-08-09T18:04:30
6140,2.8052096424083173,2.221183013916016,3.036524772644043,2.6110518174292246e-07,2.356302726268768,0.5570336148142815,2026-08-09T18:05:35
6145,2.807494573289158,2.3313995361328126,2.747346878051758,2.550609391105754e-07,2.454600015282631,0.5657145418226719,2026-08-09T18:06:45
6150,2.809779504169999,2.265236663818359,2.7482166290283203,2.490867551892276e-07,2.5475904524326323,0.5406132400035858,2026-08-09T18:08:10
6155,2.8120644350508397,2.3753498077392576,3.099944829940796,2.4318266415983005e-07,2.5203705728054047,0.5363948948681354,2026-08-09T18:09:28
6160,2.8143493659316805,2.220490646362305,2.5937187671661377,2.373486998022964e-07,2.4067289382219315,0.5585951156914234,2026-08-09T18:10:37
6165,2.8166342968125213,2.1788440704345704,2.9022514820098877,2.3158489549531814e-07,2.4373757988214493,0.5587482266128063,2026-08-09T18:11:53
6170,2.818919227693362,2.308456802368164,2.3586065769195557,2.258912842161662e-07,2.48483409434557,0.5525611080229282,2026-08-09T18:13:22
6175,2.8212041585742034,2.329042434692383,2.4473414421081543,2.2026789854051044e-07,2.4540211498737334,0.5510335460305213,2026-08-09T18:14:44
6180,2.8234890894550437,2.233792304992676,2.801792860031128,2.14714770642227e-07,2.4567604929208757,0.5422125503420829,2026-08-09T18:16:05
6185,2.825774020335885,2.2853397369384765,3.0955440998077393,2.0923193229321347e-07,2.4153694689273832,0.5680559262633323,2026-08-09T18:17:24
6190,2.828058951216726,2.4539966583251953,3.4755308628082275,2.0381941486321694e-07,2.528051236271858,0.5435391366481781,2026-08-09T18:18:39
6195,2.8303438820975666,2.422372245788574,2.719963312149048,1.9847724931963825e-07,2.541092759370804,0.5274994730949402,2026-08-09T18:19:56
6200,2.8326288129784074,2.2386190414428713,2.894439220428467,1.9320546622737245e-07,2.4184453040361404,0.5534206889569759,2026-08-09T18:21:08
6205,2.834913743859248,2.144660758972168,4.140691757202148,1.880040957486201e-07,2.357912781834602,0.5651217952370644,2026-08-09T18:22:27
6210,2.837198674740089,2.45932674407959,2.6642799377441406,1.82873167642722e-07,2.541872110962868,0.5375748701393605,2026-08-09T18:23:59
6215,2.83948360562093,2.1202821731567383,2.7869646549224854,1.7781271126598443e-07,2.3917022913694383,0.5691183157265186,2026-08-09T18:25:16
6220,2.841768536501771,2.281949043273926,3.3901875019073486,1.728227555715209e-07,2.506446671485901,0.5445232808589935,2026-08-09T18:26:37
6225,2.8440534673826114,2.2621089935302736,2.367724895477295,1.6790332910907036e-07,2.3901407361030578,0.5710572056472302,2026-08-09T18:27:54
6230,2.8463383982634527,2.3559524536132814,2.8947360515594482,1.6305446002484737e-07,2.5435257285833357,0.5285923764109611,2026-08-09T18:29:01
6235,2.8486233291442935,2.2041652679443358,2.818572521209717,1.5827617606137962e-07,2.3247160971164704,0.5739335954189301,2026-08-09T18:30:16
6240,2.8509082600251343,2.341159439086914,3.4111580848693848,1.5356850455733872e-07,2.548507058620453,0.5328498784452677,2026-08-09T18:31:31
6240,2.8509082600251343,,,,,,2026-08-09T18:51:00
6240,2.8509082600251343,,,,,,2026-08-09T18:51:00
6245,2.853193190905975,2.2640144348144533,2.489109516143799,1.4893147244739723e-07,2.4278485238552094,0.5589123956859112,2026-08-09T18:52:20
6250,2.855478121786816,2.3074113845825197,2.76534104347229,1.443651062620649e-07,2.478426417708397,0.5409459795802831,2026-08-09T18:53:37
6255,2.8577630526676567,2.251839447021484,2.8419501781463623,1.3986943212754288e-07,2.433064791560173,0.5676262397319078,2026-08-09T18:54:55
6260,2.8600479835484975,2.264451599121094,2.303607702255249,1.3544447576556985e-07,2.4974758297204973,0.5417159236967564,2026-08-09T18:56:26
6265,2.8623329144293383,2.184881019592285,2.4554007053375244,1.310902624932789e-07,2.47015780210495,0.5480492770671844,2026-08-09T18:57:42
6270,2.864617845310179,2.127787208557129,2.611171245574951,1.268068172230491e-07,2.303097814321518,0.5811968840658664,2026-08-09T18:58:53
6275,2.8669027761910204,2.305156135559082,2.458322048187256,1.2259416446236406e-07,2.5091763764619825,0.5505260087549686,2026-08-09T19:00:18
6280,2.869187707071861,2.2527347564697267,3.7798898220062256,1.184523283136743e-07,2.338056597113609,0.5729909285902977,2026-08-09T19:01:32
6285,2.871472637952702,2.452781867980957,3.022487163543701,1.1438133247425598e-07,2.611605203151703,0.5145541358739137,2026-08-09T19:03:00
6290,2.873757568833543,2.2061771392822265,3.048616886138916,1.1038120023607601e-07,2.4480046719312667,0.5471723310649395,2026-08-09T19:04:11
6295,2.8760424997143836,2.269822692871094,2.259977102279663,1.0645195448565903e-07,2.506744694709778,0.5382552392780781,2026-08-09T19:05:22
6300,2.8783274305952244,2.2462955474853517,2.663723945617676,1.0259361770395965e-07,2.472357156872749,0.5521003417670727,2026-08-09T19:06:32
6305,2.8806123614760653,2.202835464477539,3.5181899070739746,9.880621196622642e-08,2.519322618842125,0.5320101574063301,2026-08-09T19:08:04
6310,2.882897292356906,2.3123401641845702,3.7468512058258057,9.508975894188254e-08,2.5050641179084776,0.5427326515316964,2026-08-09T19:09:12
6315,2.885182223237747,2.4632308959960936,2.6720261573791504,9.144427989439957e-08,2.609044587612152,0.5234491683542728,2026-08-09T19:10:29
6320,2.887467154118588,2.1726806640625,2.8149254322052,8.786979568117665e-08,2.2819042414426804,0.5959610380232334,2026-08-09T19:11:37
6325,2.889752084999429,2.328119087219238,2.4510555267333984,8.4366326753417e-08,2.4931944727897646,0.5493153162300587,2026-08-09T19:12:52
6330,2.8920370158802697,2.2593069076538086,2.3771913051605225,8.09338931560169e-08,2.432400107383728,0.5589890293776989,2026-08-09T19:14:06
6335,2.8943219467611105,2.170822525024414,3.0321645736694336,7.757251452744363e-08,2.319514310359955,0.5756711788475514,2026-08-09T19:15:15
6340,2.8966068776419513,2.205377388000488,4.207467079162598,7.428221009963405e-08,2.3855904653668403,0.5645931683480739,2026-08-09T19:16:16
6345,2.898891808522792,2.304336929321289,2.4520721435546875,7.106299869787391e-08,2.5053759157657622,0.5412604913115502,2026-08-09T19:17:42
6350,2.901176739403633,2.604925537109375,2.5119712352752686,6.791489874069385e-08,2.6568037271499634,0.5101932682096958,2026-08-09T19:19:06
6355,2.9034616702844738,2.2050718307495116,2.4837450981140137,6.483792823976791e-08,2.4176168143749237,0.5586009718477726,2026-08-09T19:20:20
6360,2.9057466011653146,2.2153957366943358,2.155947685241699,6.183210479980272e-08,2.3655218988657,0.5616352915763855,2026-08-09T19:21:36
6365,2.908031532046156,2.3208011627197265,2.5157880783081055,5.8897445618444345e-08,2.504291442036629,0.544546364992857,2026-08-09T19:22:44
6370,2.910316462926996,2.247053527832031,2.7233362197875977,5.603396748617706e-08,2.530137637257576,0.5486228194087743,2026-08-09T19:23:56
6375,2.9126013938078374,2.4033050537109375,2.9024174213409424,5.3241686786222044e-08,2.5492136865854262,0.5406080195680261,2026-08-09T19:25:04
6380,2.9148863246886783,2.478071403503418,2.772416830062866,5.052061949445547e-08,2.631672665476799,0.5228114776313305,2026-08-09T19:26:22
6385,2.917171255569519,2.429265785217285,2.889310121536255,4.787078117930443e-08,2.459358349442482,0.546691432595253,2026-08-09T19:27:19
6390,2.91945618645036,2.4073112487792967,2.7226195335388184,4.52921870016651e-08,2.468327486515045,0.5481044389307499,2026-08-09T19:28:29
6395,2.9217411173312007,2.1236797332763673,2.3928325176239014,4.2784851714818e-08,2.331551793217659,0.5855157829821109,2026-08-09T19:29:49
6400,2.9240260482120415,2.604239654541016,3.1334068775177,4.03487896643337e-08,2.728831958770752,0.5068692810833454,2026-08-09T19:31:09
6405,2.9263109790928823,2.342921257019043,2.6647300720214844,3.7984014788003396e-08,2.500522130727768,0.5411818534135818,2026-08-09T19:32:31
6410,2.9285959099737235,2.1217378616333007,2.4389445781707764,3.5690540615747336e-08,2.382172405719757,0.5636273086071014,2026-08-09T19:33:53
6415,2.930880840854564,2.3029794692993164,2.931488275527954,3.3468380269546796e-08,2.440949034690857,0.5479743648320436,2026-08-09T19:35:24
6420,2.933165771735405,2.496739387512207,3.329227924346924,3.13175464633636e-08,2.4876148074865343,0.5589432515203953,2026-08-09T19:36:36
6425,2.935450702616246,2.2276309967041015,2.5932343006134033,2.923805150306935e-08,2.3793990135192873,0.569823045283556,2026-08-09T19:37:54
6430,2.9377356334970868,2.395197296142578,2.430119514465332,2.722990728637187e-08,2.5197527706623077,0.5400701306760312,2026-08-09T19:39:08
6435,2.9400205643779276,2.2979557037353517,2.780205011367798,2.5293125302755516e-08,2.4904786705970765,0.526788616925478,2026-08-09T19:40:28
6440,2.9423054952587684,2.344166374206543,2.275585174560547,2.3427716633404874e-08,2.5788393765687943,0.5289285361766816,2026-08-09T19:41:52
6445,2.944590426139609,2.2752967834472657,2.676149845123291,2.163369195114784e-08,2.39274600148201,0.5584554873406887,2026-08-09T19:43:01
6450,2.94687535702045,2.281352424621582,2.4660842418670654,1.9911061520393182e-08,2.4294442236423492,0.5605554789304733,2026-08-09T19:44:09
6455,2.9491602879012913,2.2719594955444338,3.040114164352417,1.8259835197070864e-08,2.448226848244667,0.5565167583525181,2026-08-09T19:45:22
6460,2.9514452187821316,2.175876998901367,2.2920167446136475,1.6680022428576524e-08,2.3867801249027254,0.5611999936401844,2026-08-09T19:46:37
6465,2.953730149662973,2.4778751373291015,2.7781522274017334,1.517163225371876e-08,2.557431420683861,0.5322760179638862,2026-08-09T19:47:57
6470,2.9560150805438137,2.389176368713379,2.2787866592407227,1.373467330266498e-08,2.4685408651828764,0.5491551958024502,2026-08-09T19:49:28
6475,2.9583000114246545,2.360050582885742,2.752084255218506,1.2369153796891464e-08,2.516767418384552,0.547469499707222,2026-08-09T19:50:51
6480,2.9605849423054953,2.3917064666748047,2.571631908416748,1.1075081549138943e-08,2.490562066435814,0.5299019388854503,2026-08-09T19:52:04
6485,2.962869873186336,2.2611608505249023,3.3328046798706055,9.852463963368198e-09,2.4370542019605637,0.5608407646417618,2026-08-09T19:53:16
6490,2.965154804067177,2.1351902008056642,2.7043912410736084,8.701308034715639e-09,2.272956022620201,0.5849679805338382,2026-08-09T19:54:19
6495,2.9674397349480177,2.318597602844238,2.677342414855957,7.621620349451686e-09,2.543207138776779,0.540030074864626,2026-08-09T19:55:34
6500,2.9697246658288585,2.336130142211914,2.5073206424713135,6.613407084946066e-09,2.5201463967561724,0.5412337858229875,2026-08-09T19:56:54
6505,2.9720095967096993,2.4104101181030275,2.8330934047698975,5.676674009635896e-09,2.530791276693344,0.5317540600895881,2026-08-09T19:57:59
6510,2.9742945275905406,2.3820516586303713,2.5069260597229004,4.81142648298405e-09,2.4677626311779024,0.554935560375452,2026-08-09T19:59:22
6515,2.9765794584713814,2.049055480957031,2.28277587890625,4.017669455452788e-09,2.281245556473732,0.5799110062420368,2026-08-09T20:00:39
6520,2.978864389352222,2.180858039855957,2.4202094078063965,3.295407468478784e-09,2.4021659195423126,0.5625168539583683,2026-08-09T20:01:55
6525,2.981149320233063,2.090084457397461,3.117030143737793,2.6446446544411976e-09,2.382537856698036,0.5743389829993248,2026-08-09T20:03:14
6530,2.983434251113904,2.4698183059692385,3.4383885860443115,2.0653847366422507e-09,2.5743574500083923,0.531427375227213,2026-08-09T20:04:38
6535,2.9857191819947446,2.387228012084961,2.3946971893310547,1.5576310292836349e-09,2.553697317838669,0.5341292761266232,2026-08-09T20:05:54
6540,2.9880041128755854,2.278985786437988,2.257714033126831,1.1213864374498562e-09,2.476176655292511,0.5443318240344525,2026-08-09T20:07:12
6545,2.9902890437564262,2.2591373443603517,2.863617420196533,7.566534570888073e-10,2.433213436603546,0.5589678145945072,2026-08-09T20:08:33
6550,2.992573974637267,2.3383743286132814,2.849936008453369,4.6343417499927767e-10,2.471228912472725,0.5503989297896623,2026-08-09T20:09:48
6555,2.9948589055181083,2.275251007080078,3.3247668743133545,2.417302688170753e-10,2.471013271808624,0.5516103953123093,2026-08-09T20:10:53
6560,2.9971438363989487,2.2425264358520507,3.521716356277466,9.154300700947582e-11,2.4234481543302535,0.562738623470068,2026-08-09T20:12:07
6565,2.99942876727979,2.3675580978393556,2.306750774383545,1.2873248864120335e-11,2.512496092915535,0.5357369959354401,2026-08-09T20:13:23
6567,3.0,,,,,,2026-08-09T20:33:04
6567,3.0,,,,,,2026-08-09T20:33:04
6567,3.0,,,,,,2026-08-09T20:33:06
